idx,hit_term,whitespace_before,whitespace_after,boundary_cut_near,timestamps_in_window,pct_time_decreasing,near_total,near_proactive_event_tracker,near_triald,near_TRILogEvent,near_ABTest,near_variant,near_bucket
0,削除,No,No,Yes,16,0.375,16,0,16,0,0,0,0
1,確認,No,No,No,16,0.375,19,0,19,0,0,0,0
2,監視,No,No,No,16,0.375,19,0,19,0,0,0,0
3,確認,No,No,No,16,0.375,19,0,19,0,0,0,0
4,監視,No,No,No,16,0.375,24,0,24,0,0,0,0
5,確認,No,No,No,26,0.269,27,0,24,0,0,3,0
6,監視,No,No,No,26,0.269,27,0,24,0,0,3,0
7,確認,No,No,No,26,0.269,27,0,24,0,0,3,0
8,監視,No,No,No,26,0.269,27,0,24,0,0,3,0
9,削除,No,No,No,26,0.269,27,0,24,0,0,3,0
10,監視,No,No,No,26,0.269,27,0,24,0,0,3,0
11,監視,No,No,No,26,0.269,27,0,24,0,0,3,0
12,確認,No,No,No,30,0.233,109,4,64,38,0,3,0
13,確認,No,No,No,30,0.233,109,4,64,38,0,3,0
14,確認,No,No,No,30,0.233,110,4,64,39,0,3,0
15,監視,No,No,No,30,0.233,110,4,64,39,0,3,0
16,監視,No,No,No,30,0.233,112,4,65,40,0,3,0
17,確認,No,No,No,30,0.233,112,4,65,40,0,3,0
18,確認,No,No,No,30,0.233,113,4,65,41,0,3,0
19,監視,No,No,No,30,0.233,113,4,65,41,0,3,0
20,監視,No,No,No,30,0.233,113,4,65,41,0,3,0
21,監視,No,No,No,30,0.233,113,4,65,41,0,3,0
22,確認,No,No,No,30,0.233,113,4,65,41,0,3,0
23,設定,No,No,No,30,0.233,125,4,68,50,0,3,0
24,許可,No,No,No,30,0.233,125,4,68,50,0,3,0
25,監視,No,No,No,30,0.233,128,4,70,51,0,3,0
26,監視,No,No,No,30,0.233,140,4,69,64,0,3,0
27,共有,No,No,No,30,0.233,143,4,69,67,0,3,0
28,設定,No,No,No,30,0.233,143,4,69,67,0,3,0
29,確認,No,No,No,30,0.233,143,4,68,68,0,3,0
30,確認,No,No,No,30,0.233,143,4,68,68,0,3,0
31,確認,No,No,No,30,0.233,142,4,67,68,0,3,0
32,確認,No,No,No,30,0.233,142,4,67,68,0,3,0
33,確認,No,No,No,30,0.233,140,4,65,68,0,3,0
34,確認,No,No,No,30,0.233,140,4,65,68,0,3,0
35,確認,No,No,No,27,0.185,138,4,63,68,0,3,0
36,確認,No,No,No,27,0.185,138,4,63,68,0,3,0
37,確認,No,No,No,27,0.185,138,4,63,68,0,3,0
38,確認,No,No,No,27,0.185,138,4,63,68,0,3,0
39,確認,No,No,No,27,0.185,138,4,63,68,0,3,0
40,監視,No,No,No,27,0.185,138,4,63,68,0,3,0
41,監視,No,No,No,27,0.185,138,4,63,68,0,3,0
42,確認,No,No,No,28,0.179,138,4,63,68,0,3,0
43,確認,No,No,No,28,0.179,138,4,63,68,0,3,0
44,確認,No,No,No,30,0.167,138,4,63,68,0,3,0
45,確認,No,No,No,31,0.161,138,4,63,68,0,3,0
46,設定,No,No,No,32,0.156,138,4,63,68,0,3,0
47,設定,No,No,No,32,0.156,138,4,63,68,0,3,0
48,設定,No,No,No,32,0.156,138,4,63,68,0,3,0
49,監視,No,No,No,32,0.156,138,4,63,68,0,3,0
50,設定,No,No,No,32,0.156,138,4,63,68,0,3,0
51,確認,No,No,No,32,0.156,138,4,63,68,0,3,0
52,確認,No,No,No,34,0.206,142,4,63,68,0,3,4
53,確認,No,No,No,34,0.206,176,4,70,68,0,3,31
54,確認,No,No,No,34,0.235,179,4,71,68,0,3,33
55,設定,No,No,No,31,0.161,213,4,74,68,0,3,64
56,削除,No,No,No,31,0.161,213,4,74,68,0,3,64
57,監視,No,No,No,31,0.161,213,4,74,68,0,3,64
58,確認,No,No,No,31,0.161,213,4,74,68,0,3,64
59,確認,No,No,No,31,0.161,213,4,74,68,0,3,64
60,許可,No,No,No,31,0.161,213,4,74,68,0,3,64
61,確認,No,No,No,31,0.161,213,4,74,68,0,3,64
62,確認,No,No,No,29,0.172,213,4,74,68,0,3,64
63,復元,No,No,No,27,0.148,213,4,74,68,0,3,64
64,復元,No,No,No,29,0.172,212,4,73,68,0,3,64
65,復元,No,No,No,31,0.161,207,4,68,68,0,3,64
66,復元,No,No,No,35,0.143,204,4,65,68,0,3,64
67,復元,No,No,No,35,0.143,202,4,63,68,0,3,64
68,確認,No,No,No,36,0.139,202,4,63,68,0,3,64
69,確認,No,No,No,36,0.139,202,4,63,68,0,3,64
70,確認,No,No,No,36,0.139,202,4,63,68,0,3,64
71,確認,No,No,No,36,0.139,202,4,63,68,0,3,64
72,確認,No,No,No,36,0.139,202,4,63,68,0,3,64
73,確認,No,No,No,36,0.139,202,4,63,68,0,3,64
74,確認,No,No,No,36,0.139,202,4,63,68,0,3,64
75,確認,No,No,No,36,0.139,202,4,63,68,0,3,64
76,確認,No,No,No,36,0.139,202,4,63,68,0,3,64
77,確認,No,No,No,36,0.139,202,4,63,68,0,3,64
78,削除,No,No,No,36,0.139,202,4,63,68,0,3,64
79,確認,No,No,No,36,0.139,202,4,63,68,0,3,64
80,確認,No,No,No,36,0.139,202,4,63,68,0,3,64
81,確認,No,No,No,36,0.139,202,4,63,68,0,3,64
82,復元,No,No,No,38,0.132,202,4,63,68,0,3,64
83,復元,No,No,No,38,0.132,202,4,63,68,0,3,64
84,確認,No,No,No,38,0.132,202,4,63,68,0,3,64
85,確認,No,No,No,32,0.156,218,12,71,68,0,3,64
86,確認,No,No,No,30,0.167,230,18,78,68,0,2,64
87,追跡,No,No,No,30,0.167,229,18,78,68,0,1,64
88,確認,No,No,No,30,0.167,229,18,78,68,0,1,64
89,確認,No,No,No,30,0.167,229,18,78,68,0,1,64
90,確認,No,No,No,29,0.172,229,18,78,68,0,1,64
91,確認,No,No,No,31,0.161,231,18,78,68,0,3,64
92,確認,No,No,No,32,0.156,239,19,85,68,0,3,64
93,設定,No,No,No,32,0.156,239,19,85,68,0,3,64
94,設定,No,No,No,32,0.156,239,19,85,68,0,3,64
95,設定,No,No,No,32,0.156,239,19,85,68,0,3,64
96,追跡,No,No,No,32,0.156,239,19,85,68,0,3,64
97,確認,No,No,No,32,0.156,239,19,85,68,0,3,64
98,監視,No,No,No,32,0.156,239,19,85,68,0,3,64
99,監視,No,No,No,32,0.156,239,19,85,68,0,3,64
100,確認,No,No,No,32,0.156,239,19,85,68,0,3,64
101,監視,No,No,No,32,0.156,239,19,85,68,0,3,64
102,削除,No,No,No,32,0.156,239,19,85,68,0,3,64
103,確認,No,No,No,32,0.156,239,19,85,68,0,3,64
104,認証,No,No,No,37,0.162,124,15,39,0,0,6,64
105,削除,No,No,No,38,0.158,124,15,39,0,0,6,64
106,確認,No,No,No,39,0.154,124,15,39,0,0,6,64
107,確認,No,No,No,39,0.154,124,15,39,0,0,6,64
108,確認,No,No,No,39,0.154,124,15,39,0,0,6,64
109,確認,No,No,No,38,0.158,124,15,39,0,0,6,64
110,確認,No,No,No,37,0.162,124,15,39,0,0,6,64
111,確認,No,No,No,37,0.162,124,15,39,0,0,6,64
112,確認,No,No,No,36,0.167,124,15,39,0,0,6,64
113,確認,No,No,No,34,0.147,124,15,39,0,0,6,64
114,確認,No,No,No,33,0.121,124,15,39,0,0,6,64
115,設定,No,No,No,31,0.129,85,15,31,0,0,6,33
116,監視,No,No,No,31,0.129,82,15,31,0,0,6,30
117,追跡,No,No,No,31,0.129,80,15,31,0,0,6,28
118,確認,No,No,No,32,0.125,76,15,31,0,0,6,24
119,監視,No,No,No,32,0.125,70,15,31,0,0,6,18
120,追跡,No,No,No,32,0.125,70,15,31,0,0,6,18
121,監視,No,No,No,32,0.125,67,15,31,0,0,6,15
122,確認,No,No,No,32,0.125,64,15,31,0,0,6,12
123,確認,No,No,No,32,0.125,60,15,31,0,0,6,8
124,設定,No,No,No,32,0.125,56,15,31,0,0,6,4
125,監視,No,No,No,32,0.125,52,15,29,0,0,6,2
126,監視,No,No,No,32,0.125,50,15,27,0,0,6,2
127,監視,No,No,No,32,0.125,46,15,23,0,0,6,2
128,追跡,No,No,No,32,0.125,46,15,23,0,0,6,2
129,監視,No,No,No,32,0.125,46,15,23,0,0,6,2
130,削除,No,No,No,30,0.1,43,15,22,0,0,6,0
131,設定,No,No,No,30,0.1,43,15,22,0,0,6,0
132,確認,No,No,No,30,0.1,43,15,22,0,0,6,0
133,設定,No,No,No,30,0.1,43,15,22,0,0,6,0
134,確認,No,No,No,30,0.1,43,15,22,0,0,6,0
135,設定,No,No,No,28,0.107,43,15,22,0,0,6,0
136,確認,No,No,No,28,0.107,43,15,22,0,0,6,0
137,遮断,No,No,No,21,0.143,43,15,22,0,0,6,0
138,削除,No,No,No,21,0.143,43,15,22,0,0,6,0
139,遮断,No,No,No,21,0.143,43,15,22,0,0,6,0
140,設定,No,No,No,21,0.143,43,15,22,0,0,6,0
141,確認,No,No,No,21,0.143,43,15,22,0,0,6,0
142,設定,No,No,No,21,0.143,43,15,22,0,0,6,0
143,確認,No,No,No,21,0.143,43,15,22,0,0,6,0
144,設定,No,No,No,21,0.143,43,15,22,0,0,6,0
145,確認,No,No,No,21,0.143,43,15,22,0,0,6,0
146,確認,No,No,No,21,0.143,43,15,22,0,0,6,0
147,確認,No,No,No,21,0.143,43,15,22,0,0,6,0
148,確認,No,No,No,19,0.158,43,15,22,0,0,6,0
149,確認,No,No,No,19,0.158,43,15,22,0,0,6,0
150,設定,No,No,No,20,0.2,41,14,21,0,0,6,0
151,設定,No,No,No,21,0.238,41,14,21,0,0,6,0
152,追跡,No,No,No,21,0.238,40,13,21,0,0,6,0
153,削除,No,No,No,21,0.238,40,13,21,0,0,6,0
154,設定,No,No,No,21,0.238,39,13,20,0,0,6,0
155,確認,No,No,No,21,0.238,38,12,20,0,0,6,0
156,監視,No,No,No,21,0.238,37,12,19,0,0,6,0
157,監視,No,No,No,22,0.227,33,10,17,0,0,6,0
158,監視,No,No,No,22,0.227,33,10,17,0,0,6,0
159,削除,No,No,No,23,0.261,31,9,16,0,0,6,0
160,追跡,No,No,No,31,0.355,13,1,7,0,0,5,0
161,監視,No,No,No,31,0.355,13,1,7,0,0,5,0
162,追跡,No,No,No,31,0.355,13,1,7,0,0,5,0
163,監視,No,No,No,31,0.355,13,1,7,0,0,5,0
164,監視,No,No,No,30,0.367,13,1,7,0,0,5,0
165,監視,No,No,No,30,0.367,12,1,7,0,0,4,0
166,削除,No,No,No,30,0.367,12,1,7,0,0,4,0
167,遮断,No,No,No,35,0.371,11,1,7,0,0,3,0
168,削除,No,No,No,35,0.371,10,1,6,0,0,3,0
169,追跡,No,No,No,35,0.371,9,0,6,0,0,3,0
170,確認,No,No,No,38,0.368,7,0,4,0,0,3,0
171,確認,No,No,No,38,0.368,5,0,2,0,0,3,0
172,確認,No,No,No,39,0.359,5,0,2,0,0,3,0
173,確認,No,No,No,39,0.359,3,0,0,0,0,3,0
174,設定,No,No,No,39,0.359,3,0,0,0,0,3,0
175,監視,No,No,No,39,0.359,3,0,0,0,0,3,0
176,遮断,No,No,No,39,0.359,3,0,0,0,0,3,0
177,監視,No,No,No,39,0.359,3,0,0,0,0,3,0
178,確認,No,No,No,41,0.366,3,0,0,0,0,3,0
179,確認,No,No,No,41,0.366,3,0,0,0,0,3,0
180,遮断,No,No,No,41,0.366,3,0,0,0,0,3,0
181,確認,No,No,No,41,0.366,3,0,0,0,0,3,0
182,確認,No,No,No,40,0.375,0,0,0,0,0,0,0
183,確認,No,No,No,40,0.375,0,0,0,0,0,0,0
184,確認,No,No,No,39,0.359,0,0,0,0,0,0,0
185,確認,No,No,No,39,0.359,0,0,0,0,0,0,0
186,確認,No,No,No,40,0.35,0,0,0,0,0,0,0
187,確認,No,No,No,39,0.359,0,0,0,0,0,0,0
188,遮断,No,No,No,40,0.325,0,0,0,0,0,0,0
189,遮断,No,No,No,40,0.325,0,0,0,0,0,0,0
190,遮断,No,No,No,40,0.325,0,0,0,0,0,0,0
191,遮断,No,No,No,40,0.325,0,0,0,0,0,0,0
192,監視,No,No,No,40,0.325,0,0,0,0,0,0,0
193,追跡,No,No,No,40,0.325,0,0,0,0,0,0,0
194,設定,No,No,No,37,0.324,0,0,0,0,0,0,0
195,設定,No,No,No,37,0.324,0,0,0,0,0,0,0
196,監視,No,No,No,37,0.324,0,0,0,0,0,0,0
197,追跡,No,No,No,37,0.324,0,0,0,0,0,0,0
198,遮断,No,No,No,38,0.316,0,0,0,0,0,0,0
199,監視,No,No,No,37,0.324,0,0,0,0,0,0,0
200,設定,No,No,No,38,0.316,0,0,0,0,0,0,0
201,監視,No,No,No,39,0.282,0,0,0,0,0,0,0
202,確認,No,No,No,39,0.282,0,0,0,0,0,0,0
203,確認,No,No,No,39,0.282,0,0,0,0,0,0,0
204,確認,No,No,No,39,0.282,0,0,0,0,0,0,0
205,設定,No,No,No,39,0.282,0,0,0,0,0,0,0
206,確認,No,No,No,39,0.282,0,0,0,0,0,0,0
207,確認,No,No,No,39,0.282,0,0,0,0,0,0,0
208,確認,No,No,No,39,0.282,0,0,0,0,0,0,0
209,確認,No,No,No,39,0.282,0,0,0,0,0,0,0
210,確認,No,No,No,39,0.282,0,0,0,0,0,0,0
211,設定,No,No,No,39,0.282,0,0,0,0,0,0,0
212,設定,No,No,No,39,0.282,0,0,0,0,0,0,0
213,確認,No,No,No,39,0.282,0,0,0,0,0,0,0
214,確認,No,No,No,39,0.282,0,0,0,0,0,0,0
215,確認,No,No,No,39,0.282,0,0,0,0,0,0,0
216,確認,No,No,No,39,0.282,0,0,0,0,0,0,0
217,確認,No,No,No,39,0.282,0,0,0,0,0,0,0
218,確認,No,No,No,39,0.282,0,0,0,0,0,0,0
219,確認,No,No,No,37,0.27,0,0,0,0,0,0,0
220,復元,No,No,No,37,0.27,0,0,0,0,0,0,0
221,確認,No,No,No,37,0.27,0,0,0,0,0,0,0
222,確認,No,No,No,37,0.27,0,0,0,0,0,0,0
223,削除,No,No,No,33,0.242,0,0,0,0,0,0,0
224,削除,No,No,No,33,0.242,0,0,0,0,0,0,0
225,削除,No,No,No,33,0.242,0,0,0,0,0,0,0
226,削除,No,No,No,33,0.242,0,0,0,0,0,0,0
227,削除,No,No,No,33,0.242,0,0,0,0,0,0,0
228,削除,No,No,No,33,0.242,0,0,0,0,0,0,0
229,削除,No,No,No,33,0.242,0,0,0,0,0,0,0
230,確認,No,No,No,33,0.242,0,0,0,0,0,0,0
231,削除,No,No,No,33,0.242,0,0,0,0,0,0,0
232,削除,No,No,No,33,0.242,0,0,0,0,0,0,0
233,監視,No,No,No,33,0.212,0,0,0,0,0,0,0
234,削除,No,No,No,33,0.212,0,0,0,0,0,0,0
235,確認,No,No,No,33,0.212,0,0,0,0,0,0,0
236,確認,No,No,No,33,0.212,0,0,0,0,0,0,0
237,監視,No,No,No,31,0.194,0,0,0,0,0,0,0
238,設定,No,No,No,31,0.194,0,0,0,0,0,0,0
239,設定,No,No,No,30,0.167,0,0,0,0,0,0,0
240,確認,No,No,No,30,0.167,0,0,0,0,0,0,0
241,削除,No,No,No,30,0.167,0,0,0,0,0,0,0
242,確認,No,No,No,20,0.1,0,0,0,0,0,0,0
243,確認,No,No,No,5,0.0,0,0,0,0,0,0,0
244,監視,No,No,No,5,0.0,0,0,0,0,0,0,0
245,監視,No,No,No,5,0.0,0,0,0,0,0,0,0
246,監視,No,No,No,5,0.0,0,0,0,0,0,0,0
247,監視,No,No,No,2,0.5,0,0,0,0,0,0,0
248,監視,No,No,No,2,0.5,0,0,0,0,0,0,0
249,監視,No,No,No,2,0.5,0,0,0,0,0,0,0
250,監視,No,No,No,4,0.5,0,0,0,0,0,0,0
251,追跡,No,No,No,4,0.5,0,0,0,0,0,0,0
252,認証,No,No,No,4,0.5,0,0,0,0,0,0,0
253,認証,No,No,No,4,0.5,0,0,0,0,0,0,0
254,認証,No,No,No,4,0.5,0,0,0,0,0,0,0
255,認証,No,No,No,4,0.5,0,0,0,0,0,0,0
256,認証,No,No,No,4,0.5,0,0,0,0,0,0,0
257,認証,No,No,No,4,0.5,0,0,0,0,0,0,0
258,設定,No,No,No,4,0.5,0,0,0,0,0,0,0
259,認証,No,No,No,4,0.5,0,0,0,0,0,0,0
260,設定,No,No,No,4,0.5,0,0,0,0,0,0,0
261,認証,No,No,No,4,0.5,0,0,0,0,0,0,0
262,認証,No,No,No,4,0.5,0,0,0,0,0,0,0
263,確認,No,No,No,4,0.5,0,0,0,0,0,0,0
264,認証,No,No,No,4,0.5,0,0,0,0,0,0,0
265,認証,No,No,No,4,0.5,0,0,0,0,0,0,0
266,削除,No,No,No,4,0.5,0,0,0,0,0,0,0
267,設定,No,No,No,4,0.5,0,0,0,0,0,0,0
268,削除,No,No,No,4,0.5,0,0,0,0,0,0,0
269,設定,No,No,No,4,0.5,0,0,0,0,0,0,0
270,設定,No,No,No,4,0.5,0,0,0,0,0,0,0
271,認証,No,No,No,4,0.5,0,0,0,0,0,0,0
272,認証,No,No,No,4,0.5,0,0,0,0,0,0,0
273,認証,No,No,No,4,0.5,0,0,0,0,0,0,0
274,認証,No,No,No,4,0.5,0,0,0,0,0,0,0
275,設定,No,No,No,4,0.5,0,0,0,0,0,0,0
276,認証,No,No,No,4,0.5,0,0,0,0,0,0,0
277,監視,No,No,No,4,0.5,0,0,0,0,0,0,0
278,共有,No,No,No,4,0.5,0,0,0,0,0,0,0
279,認証,No,No,No,4,0.5,0,0,0,0,0,0,0
280,確認,No,No,No,4,0.5,0,0,0,0,0,0,0
281,削除,No,No,No,4,0.5,0,0,0,0,0,0,0
282,復元,No,No,No,4,0.5,0,0,0,0,0,0,0
283,復元,No,No,No,4,0.5,0,0,0,0,0,0,0
284,認証,No,No,No,4,0.5,0,0,0,0,0,0,0
285,認証,No,No,No,4,0.5,0,0,0,0,0,0,0
286,確認,No,No,No,4,0.5,0,0,0,0,0,0,0
287,認証,No,No,No,4,0.5,6,0,0,0,0,0,6
288,監視,No,No,No,4,0.5,6,0,0,0,0,0,6
289,遮断,No,No,No,4,0.5,6,0,0,0,0,0,6
290,遮断,No,No,No,4,0.5,6,0,0,0,0,0,6
291,認証,No,No,No,4,0.5,6,0,0,0,0,0,6
292,認証,No,No,No,4,0.5,6,0,0,0,0,0,6
293,監視,No,No,No,4,0.5,6,0,0,0,0,0,6
294,遮断,No,No,No,4,0.5,10,0,0,0,0,0,10
295,遮断,No,No,No,4,0.5,10,0,0,0,0,0,10
296,監視,No,No,No,4,0.5,10,0,0,0,0,0,10
297,遮断,No,No,No,4,0.5,10,0,0,0,0,0,10
298,遮断,No,No,No,4,0.5,10,0,0,0,0,0,10
299,遮断,No,No,No,4,0.5,10,0,0,0,0,0,10
300,設定,No,No,No,4,0.5,10,0,0,0,0,0,10
301,設定,No,No,No,4,0.5,10,0,0,0,0,0,10
302,確認,No,No,No,4,0.5,10,0,0,0,0,0,10
303,削除,No,No,No,4,0.5,10,0,0,0,0,0,10
304,遮断,No,No,No,4,0.5,10,0,0,0,0,0,10
305,遮断,No,No,No,4,0.5,10,0,0,0,0,0,10
306,監視,No,No,No,4,0.5,10,0,0,0,0,0,10
307,遮断,No,No,No,4,0.5,10,0,0,0,0,0,10
308,監視,No,No,No,4,0.5,10,0,0,0,0,0,10
309,監視,No,No,No,4,0.5,10,0,0,0,0,0,10
310,確認,No,No,No,4,0.5,10,0,0,0,0,0,10
311,認証,No,No,No,4,0.5,10,0,0,0,0,0,10
312,認証,No,No,No,4,0.5,10,0,0,0,0,0,10
313,設定,No,No,No,4,0.5,10,0,0,0,0,0,10
314,認証,No,No,No,4,0.5,10,0,0,0,0,0,10
315,確認,No,No,No,4,0.5,10,0,0,0,0,0,10
316,確認,No,No,No,4,0.5,10,0,0,0,0,0,10
317,設定,No,No,No,4,0.5,10,0,0,0,0,0,10
318,確認,No,No,No,4,0.5,10,0,0,0,0,0,10
319,削除,No,No,No,4,0.5,10,0,0,0,0,0,10
320,確認,No,No,No,4,0.5,10,0,0,0,0,0,10
321,削除,No,No,No,4,0.5,10,0,0,0,0,0,10
322,確認,No,No,No,4,0.5,10,0,0,0,0,0,10
323,削除,No,No,No,4,0.5,10,0,0,0,0,0,10
324,設定,No,No,No,4,0.5,10,0,0,0,0,0,10
325,認証,No,No,No,4,0.5,10,0,0,0,0,0,10
326,認証,No,No,No,4,0.5,10,0,0,0,0,0,10
327,認証,No,No,No,4,0.5,10,0,0,0,0,0,10
328,認証,No,No,No,4,0.5,10,0,0,0,0,0,10
329,認証,No,No,No,4,0.5,10,0,0,0,0,0,10
330,許可,No,No,No,4,0.5,10,0,0,0,0,0,10
331,監視,No,No,No,4,0.5,10,0,0,0,0,0,10
332,復元,No,No,No,4,0.5,10,0,0,0,0,0,10
333,監視,No,No,No,3,0.333,10,0,0,0,0,0,10
334,確認,No,No,No,3,0.333,10,0,0,0,0,0,10
335,監視,No,No,No,3,0.333,10,0,0,0,0,0,10
336,監視,No,No,No,3,0.333,10,0,0,0,0,0,10
337,監視,No,No,No,3,0.333,10,0,0,0,0,0,10
338,確認,No,No,No,3,0.333,10,0,0,0,0,0,10
339,監視,No,No,No,3,0.333,10,0,0,0,0,0,10
340,監視,No,No,No,3,0.333,10,0,0,0,0,0,10
341,監視,No,No,No,3,0.333,10,0,0,0,0,0,10
342,監視,No,No,No,3,0.333,10,0,0,0,0,0,10
343,確認,No,No,No,3,0.333,10,0,0,0,0,0,10
344,監視,No,No,No,3,0.333,10,0,0,0,0,0,10
345,設定,No,No,No,3,0.333,10,0,0,0,0,0,10
346,確認,No,No,No,3,0.333,10,0,0,0,0,0,10
347,遮断,No,No,No,3,0.333,10,0,0,0,0,0,10
348,復元,No,No,No,3,0.333,10,0,0,0,0,0,10
349,復元,No,No,No,3,0.333,10,0,0,0,0,0,10
350,設定,No,No,No,3,0.333,10,0,0,0,0,0,10
351,監視,No,No,No,3,0.333,10,0,0,0,0,0,10
352,監視,No,No,No,3,0.333,10,0,0,0,0,0,10
353,監視,No,No,No,3,0.333,10,0,0,0,0,0,10
354,確認,No,No,No,3,0.333,10,0,0,0,0,0,10
355,追跡,No,No,No,3,0.333,10,0,0,0,0,0,10
356,監視,No,No,No,3,0.333,10,0,0,0,0,0,10
357,認証,No,No,No,3,0.333,10,0,0,0,0,0,10
358,削除,No,No,No,3,0.333,10,0,0,0,0,0,10
359,設定,No,No,No,3,0.333,10,0,0,0,0,0,10
360,設定,No,No,No,3,0.333,10,0,0,0,0,0,10
361,削除,No,No,No,3,0.333,10,0,0,0,0,0,10
362,確認,No,No,No,3,0.333,10,0,0,0,0,0,10
363,削除,No,No,No,3,0.333,10,0,0,0,0,0,10
364,認証,No,No,No,3,0.333,10,0,0,0,0,0,10
365,認証,No,No,No,3,0.333,10,0,0,0,0,0,10
366,設定,No,No,No,3,0.333,10,0,0,0,0,0,10
367,設定,No,No,No,3,0.333,10,0,0,0,0,0,10
368,削除,No,No,No,3,0.333,10,0,0,0,0,0,10
369,削除,No,No,No,3,0.333,10,0,0,0,0,0,10
370,認証,No,No,No,3,0.333,10,0,0,0,0,0,10
371,設定,No,No,No,3,0.333,10,0,0,0,0,0,10
372,削除,No,No,No,3,0.333,10,0,0,0,0,0,10
373,削除,No,No,No,3,0.333,10,0,0,0,0,0,10
374,削除,No,No,No,3,0.333,10,0,0,0,0,0,10
375,削除,No,No,No,3,0.333,10,0,0,0,0,0,10
376,削除,No,No,No,3,0.333,10,0,0,0,0,0,10
377,確認,No,No,No,3,0.333,10,0,0,0,0,0,10
378,確認,No,No,No,3,0.333,10,0,0,0,0,0,10
379,削除,No,No,No,3,0.333,10,0,0,0,0,0,10
380,削除,No,No,No,3,0.333,10,0,0,0,0,0,10
381,設定,No,No,No,3,0.333,10,0,0,0,0,0,10
382,設定,No,No,No,3,0.333,10,0,0,0,0,0,10
383,設定,No,No,No,3,0.333,10,0,0,0,0,0,10
384,設定,No,No,No,3,0.333,10,0,0,0,0,0,10
385,設定,No,No,No,3,0.333,10,0,0,0,0,0,10
386,確認,No,No,No,3,0.333,10,0,0,0,0,0,10
387,設定,No,No,No,3,0.333,10,0,0,0,0,0,10
388,確認,No,No,No,3,0.333,10,0,0,0,0,0,10
389,確認,No,No,No,3,0.333,10,0,0,0,0,0,10
390,遮断,No,No,No,3,0.333,10,0,0,0,0,0,10
391,遮断,No,No,No,3,0.333,10,0,0,0,0,0,10
392,確認,No,No,No,3,0.333,10,0,0,0,0,0,10
393,設定,No,No,No,3,0.333,10,0,0,0,0,0,10
394,削除,No,No,No,3,0.333,10,0,0,0,0,0,10
395,設定,No,No,No,3,0.333,10,0,0,0,0,0,10
396,設定,No,No,No,3,0.333,10,0,0,0,0,0,10
397,確認,No,No,No,3,0.333,10,0,0,0,0,0,10
398,認証,No,No,No,3,0.333,10,0,0,0,0,0,10
399,認証,No,No,No,3,0.333,10,0,0,0,0,0,10
400,設定,No,No,No,3,0.333,10,0,0,0,0,0,10
401,削除,No,No,No,3,0.333,10,0,0,0,0,0,10
402,監視,No,No,No,3,0.333,10,0,0,0,0,0,10
403,設定,No,No,No,3,0.333,10,0,0,0,0,0,10
404,設定,No,No,No,3,0.333,10,0,0,0,0,0,10
405,設定,No,No,No,3,0.333,10,0,0,0,0,0,10
406,設定,No,No,No,3,0.333,10,0,0,0,0,0,10
407,設定,No,No,No,3,0.333,10,0,0,0,0,0,10
408,削除,No,No,No,3,0.333,10,0,0,0,0,0,10
409,設定,No,No,No,3,0.333,10,0,0,0,0,0,10
410,設定,No,No,No,3,0.333,10,0,0,0,0,0,10
411,設定,No,No,No,3,0.333,10,0,0,0,0,0,10
412,確認,No,No,No,3,0.333,10,0,0,0,0,0,10
413,確認,No,No,No,3,0.333,10,0,0,0,0,0,10
414,設定,No,No,No,3,0.333,10,0,0,0,0,0,10
415,削除,No,No,No,3,0.333,10,0,0,0,0,0,10
416,確認,No,No,No,3,0.333,10,0,0,0,0,0,10
417,設定,No,No,No,3,0.333,10,0,0,0,0,0,10
418,確認,No,No,No,3,0.333,10,0,0,0,0,0,10
419,設定,No,No,No,3,0.333,10,0,0,0,0,0,10
420,設定,No,No,No,3,0.333,10,0,0,0,0,0,10
421,削除,No,No,No,3,0.333,10,0,0,0,0,0,10
422,復元,No,No,No,3,0.333,10,0,0,0,0,0,10
423,確認,No,No,No,3,0.333,10,0,0,0,0,0,10
424,監視,No,No,No,3,0.333,10,0,0,0,0,0,10
425,確認,No,No,No,3,0.333,10,0,0,0,0,0,10
426,設定,No,No,No,3,0.333,10,0,0,0,0,0,10
427,設定,No,No,No,3,0.333,10,0,0,0,0,0,10
428,設定,No,No,No,3,0.333,10,0,0,0,0,0,10
429,削除,No,No,No,3,0.333,10,0,0,0,0,0,10
430,削除,No,No,No,3,0.333,10,0,0,0,0,0,10
431,削除,No,No,No,3,0.333,10,0,0,0,0,0,10
432,復元,No,No,No,3,0.333,10,0,0,0,0,0,10
433,確認,No,No,No,3,0.333,10,0,0,0,0,0,10
434,確認,No,No,No,3,0.333,10,0,0,0,0,0,10
435,確認,No,No,No,3,0.333,10,0,0,0,0,0,10
436,設定,No,No,No,3,0.333,10,0,0,0,0,0,10
437,設定,No,No,No,3,0.333,10,0,0,0,0,0,10
438,設定,No,No,No,3,0.333,10,0,0,0,0,0,10
439,削除,No,No,No,3,0.333,10,0,0,0,0,0,10
440,設定,No,No,No,3,0.333,10,0,0,0,0,0,10
441,設定,No,No,No,3,0.333,10,0,0,0,0,0,10
442,復元,No,No,No,3,0.333,10,0,0,0,0,0,10
443,確認,No,No,No,3,0.333,10,0,0,0,0,0,10
444,設定,No,No,No,3,0.333,10,0,0,0,0,0,10
445,確認,No,No,No,3,0.333,10,0,0,0,0,0,10
446,遮断,No,No,No,3,0.333,10,0,0,0,0,0,10
447,確認,No,No,No,3,0.333,10,0,0,0,0,0,10
448,遮断,No,No,No,3,0.333,10,0,0,0,0,0,10
449,遮断,No,No,No,3,0.333,10,0,0,0,0,0,10
450,確認,No,No,No,3,0.333,10,0,0,0,0,0,10
451,設定,No,No,No,3,0.333,10,0,0,0,0,0,10
452,削除,No,No,No,3,0.333,10,0,0,0,0,0,10
453,削除,No,No,No,3,0.333,10,0,0,0,0,0,10
454,設定,No,No,No,3,0.333,10,0,0,0,0,0,10
455,設定,No,No,No,3,0.333,10,0,0,0,0,0,10
456,設定,No,No,No,3,0.333,10,0,0,0,0,0,10
457,設定,No,No,No,3,0.333,10,0,0,0,0,0,10
458,復元,No,No,No,3,0.333,10,0,0,0,0,0,10
459,設定,No,No,No,3,0.333,10,0,0,0,0,0,10
460,復元,No,No,No,3,0.333,10,0,0,0,0,0,10
461,遮断,No,No,No,3,0.333,10,0,0,0,0,0,10
462,確認,No,No,No,3,0.333,10,0,0,0,0,0,10
463,追跡,No,No,No,3,0.333,10,0,0,0,0,0,10
464,確認,No,No,No,3,0.333,10,0,0,0,0,0,10
465,設定,No,No,No,3,0.333,10,0,0,0,0,0,10
466,設定,No,No,No,3,0.333,10,0,0,0,0,0,10
467,設定,No,No,No,3,0.333,10,0,0,0,0,0,10
468,設定,No,No,No,3,0.333,10,0,0,0,0,0,10
469,確認,No,No,No,3,0.333,10,0,0,0,0,0,10
470,追跡,No,No,No,3,0.333,10,0,0,0,0,0,10
471,遮断,No,No,No,3,0.333,10,0,0,0,0,0,10
472,遮断,No,No,No,3,0.333,10,0,0,0,0,0,10
473,削除,No,No,No,3,0.333,10,0,0,0,0,0,10
474,監視,No,No,No,3,0.333,10,0,0,0,0,0,10
475,許可,No,No,No,3,0.333,10,0,0,0,0,0,10
476,確認,No,No,No,3,0.333,10,0,0,0,0,0,10
477,遮断,No,No,No,3,0.333,10,0,0,0,0,0,10
478,遮断,No,No,No,3,0.333,10,0,0,0,0,0,10
479,確認,No,No,No,3,0.333,10,0,0,0,0,0,10
480,確認,No,No,No,3,0.333,10,0,0,0,0,0,10
481,遮断,No,No,No,3,0.333,10,0,0,0,0,0,10
482,確認,No,No,No,3,0.333,10,0,0,0,0,0,10
483,遮断,No,No,No,3,0.333,10,0,0,0,0,0,10
484,監視,No,No,No,3,0.333,10,0,0,0,0,0,10
485,監視,No,No,No,3,0.333,10,0,0,0,0,0,10
486,監視,No,No,No,3,0.333,10,0,0,0,0,0,10
487,監視,No,No,No,3,0.333,10,0,0,0,0,0,10
488,監視,No,No,No,3,0.333,10,0,0,0,0,0,10
489,監視,No,No,No,3,0.333,10,0,0,0,0,0,10
490,確認,No,No,No,2,0.5,10,0,0,0,0,0,10
491,監視,No,No,No,2,0.5,10,0,0,0,0,0,10
492,遮断,No,No,No,2,0.5,10,0,0,0,0,0,10
493,設定,No,No,No,2,0.5,10,0,0,0,0,0,10
494,設定,No,No,No,2,0.5,10,0,0,0,0,0,10
495,復元,No,No,No,2,0.5,10,0,0,0,0,0,10
496,確認,No,No,No,2,0.5,10,0,0,0,0,0,10
497,追跡,No,No,No,2,0.5,10,0,0,0,0,0,10
498,確認,No,No,No,2,0.5,10,0,0,0,0,0,10
499,確認,No,No,No,2,0.5,10,0,0,0,0,0,10
500,追跡,No,No,No,2,0.5,10,0,0,0,0,0,10
501,監視,No,No,No,2,0.5,10,0,0,0,0,0,10
502,設定,No,No,No,2,0.5,10,0,0,0,0,0,10
503,監視,No,No,No,2,0.5,10,0,0,0,0,0,10
504,監視,No,No,No,2,0.5,10,0,0,0,0,0,10
505,削除,No,No,No,2,0.5,10,0,0,0,0,0,10
506,設定,No,No,No,2,0.5,10,0,0,0,0,0,10
507,設定,No,No,No,2,0.5,10,0,0,0,0,0,10
508,確認,No,No,No,2,0.5,10,0,0,0,0,0,10
509,削除,No,No,No,2,0.5,10,0,0,0,0,0,10
510,共有,No,No,No,2,0.5,10,0,0,0,0,0,10
511,監視,No,No,No,2,0.5,10,0,0,0,0,0,10
512,確認,No,No,No,2,0.5,10,0,0,0,0,0,10
513,確認,No,No,No,2,0.5,10,0,0,0,0,0,10
514,遮断,No,No,No,2,0.5,10,0,0,0,0,0,10
515,確認,No,No,No,2,0.5,10,0,0,0,0,0,10
516,確認,No,No,No,2,0.5,10,0,0,0,0,0,10
517,削除,No,No,No,2,0.5,10,0,0,0,0,0,10
518,設定,No,No,No,2,0.5,10,0,0,0,0,0,10
519,設定,No,No,No,2,0.5,10,0,0,0,0,0,10
520,削除,No,No,No,2,0.5,10,0,0,0,0,0,10
521,監視,No,No,No,2,0.5,10,0,0,0,0,0,10
522,確認,No,No,No,2,0.5,10,0,0,0,0,0,10
523,監視,No,No,No,2,0.5,10,0,0,0,0,0,10
524,監視,No,No,No,2,0.5,10,0,0,0,0,0,10
525,共有,No,No,No,2,0.5,10,0,0,0,0,0,10
526,監視,No,No,No,2,0.5,10,0,0,0,0,0,10
527,監視,No,No,No,2,0.5,10,0,0,0,0,0,10
528,遮断,No,No,No,2,0.5,10,0,0,0,0,0,10
529,確認,No,No,No,2,0.5,10,0,0,0,0,0,10
530,監視,No,No,No,2,0.5,10,0,0,0,0,0,10
531,遮断,No,No,No,0,0.0,10,0,0,0,0,0,10
532,監視,No,No,No,0,0.0,10,0,0,0,0,0,10
533,削除,No,No,No,0,0.0,10,0,0,0,0,0,10
534,追跡,No,No,No,0,0.0,10,0,0,0,0,0,10
535,確認,No,No,No,0,0.0,10,0,0,0,0,0,10
536,遮断,No,No,No,0,0.0,10,0,0,0,0,0,10
537,確認,No,No,No,0,0.0,10,0,0,0,0,0,10
538,確認,No,No,No,0,0.0,10,0,0,0,0,0,10
539,確認,No,No,No,0,0.0,10,0,0,0,0,0,10
540,確認,No,No,No,0,0.0,10,0,0,0,0,0,10
541,監視,No,No,No,0,0.0,10,0,0,0,0,0,10
542,確認,No,No,No,0,0.0,10,0,0,0,0,0,10
543,確認,No,No,No,0,0.0,10,0,0,0,0,0,10
544,監視,No,No,No,0,0.0,10,0,0,0,0,0,10
545,監視,No,No,No,0,0.0,10,0,0,0,0,0,10
546,確認,No,No,No,0,0.0,10,0,0,0,0,0,10
547,確認,No,No,No,0,0.0,2,0,0,0,0,0,2
548,確認,No,No,No,0,0.0,0,0,0,0,0,0,0
549,監視,No,No,No,0,0.0,0,0,0,0,0,0,0
550,確認,No,No,No,0,0.0,0,0,0,0,0,0,0
551,確認,No,No,No,0,0.0,0,0,0,0,0,0,0
552,監視,No,No,No,0,0.0,0,0,0,0,0,0,0
553,確認,No,No,No,0,0.0,0,0,0,0,0,0,0
554,確認,No,No,No,0,0.0,0,0,0,0,0,0,0
555,監視,No,No,No,0,0.0,0,0,0,0,0,0,0
556,確認,No,No,No,0,0.0,0,0,0,0,0,0,0
557,確認,No,No,No,0,0.0,0,0,0,0,0,0,0
558,追跡,No,No,No,0,0.0,0,0,0,0,0,0,0
559,監視,No,No,No,0,0.0,0,0,0,0,0,0,0
560,確認,No,No,No,0,0.0,0,0,0,0,0,0,0
561,確認,No,No,No,0,0.0,0,0,0,0,0,0,0
562,確認,No,No,No,0,0.0,0,0,0,0,0,0,0
563,確認,No,No,No,0,0.0,0,0,0,0,0,0,0
564,監視,No,No,No,0,0.0,0,0,0,0,0,0,0
565,監視,No,No,No,0,0.0,0,0,0,0,0,0,0
566,確認,No,No,No,0,0.0,0,0,0,0,0,0,0
567,確認,No,No,No,0,0.0,0,0,0,0,0,0,0
568,監視,No,No,No,0,0.0,0,0,0,0,0,0,0
569,確認,No,No,No,0,0.0,0,0,0,0,0,0,0
570,監視,No,No,No,0,0.0,0,0,0,0,0,0,0
571,監視,No,No,No,0,0.0,0,0,0,0,0,0,0
572,確認,No,No,No,0,0.0,0,0,0,0,0,0,0
573,監視,No,No,No,0,0.0,0,0,0,0,0,0,0
574,監視,No,No,No,0,0.0,0,0,0,0,0,0,0
575,監視,No,No,No,0,0.0,0,0,0,0,0,0,0
576,確認,No,No,No,0,0.0,0,0,0,0,0,0,0
577,確認,No,No,No,0,0.0,0,0,0,0,0,0,0
578,監視,No,No,No,0,0.0,0,0,0,0,0,0,0
579,監視,No,No,No,0,0.0,0,0,0,0,0,0,0
580,遮断,No,No,No,0,0.0,0,0,0,0,0,0,0
581,確認,No,No,No,0,0.0,0,0,0,0,0,0,0
582,遮断,No,No,No,0,0.0,0,0,0,0,0,0,0
583,監視,No,No,No,0,0.0,0,0,0,0,0,0,0
584,監視,No,No,No,0,0.0,0,0,0,0,0,0,0
585,監視,No,No,No,0,0.0,0,0,0,0,0,0,0
586,監視,No,No,No,0,0.0,0,0,0,0,0,0,0
587,監視,No,No,No,0,0.0,0,0,0,0,0,0,0
588,監視,No,No,No,0,0.0,0,0,0,0,0,0,0
589,監視,No,No,No,0,0.0,0,0,0,0,0,0,0
590,監視,No,No,No,0,0.0,0,0,0,0,0,0,0
591,監視,No,No,No,0,0.0,0,0,0,0,0,0,0
592,監視,No,No,No,0,0.0,0,0,0,0,0,0,0
593,追跡,No,No,No,0,0.0,0,0,0,0,0,0,0
594,監視,No,No,No,0,0.0,0,0,0,0,0,0,0
595,監視,No,No,No,0,0.0,0,0,0,0,0,0,0
596,確認,No,No,No,0,0.0,0,0,0,0,0,0,0
597,監視,No,No,No,0,0.0,0,0,0,0,0,0,0
598,監視,No,No,No,0,0.0,0,0,0,0,0,0,0
599,監視,No,No,No,0,0.0,0,0,0,0,0,0,0
600,監視,No,No,No,0,0.0,0,0,0,0,0,0,0
601,監視,No,No,No,0,0.0,0,0,0,0,0,0,0
602,監視,No,No,No,0,0.0,0,0,0,0,0,0,0
603,監視,No,No,No,0,0.0,0,0,0,0,0,0,0
604,監視,No,No,No,0,0.0,0,0,0,0,0,0,0
605,監視,No,No,No,0,0.0,0,0,0,0,0,0,0
606,監視,No,No,No,0,0.0,0,0,0,0,0,0,0
607,追跡,No,No,No,0,0.0,0,0,0,0,0,0,0
608,追跡,No,No,No,0,0.0,0,0,0,0,0,0,0
609,追跡,No,No,No,0,0.0,0,0,0,0,0,0,0
610,共有,No,No,No,0,0.0,0,0,0,0,0,0,0
611,監視,No,No,No,0,0.0,0,0,0,0,0,0,0
612,遮断,No,No,No,0,0.0,0,0,0,0,0,0,0
613,遮断,No,No,No,0,0.0,0,0,0,0,0,0,0
614,追跡,No,No,No,0,0.0,0,0,0,0,0,0,0
615,追跡,No,No,No,0,0.0,0,0,0,0,0,0,0
616,遮断,No,No,No,0,0.0,0,0,0,0,0,0,0
617,復元,No,No,No,0,0.0,0,0,0,0,0,0,0
618,追跡,No,No,No,0,0.0,0,0,0,0,0,0,0
619,監視,No,No,No,0,0.0,0,0,0,0,0,0,0
620,確認,No,No,No,0,0.0,0,0,0,0,0,0,0
621,遮断,No,No,No,0,0.0,0,0,0,0,0,0,0
622,遮断,No,No,No,0,0.0,0,0,0,0,0,0,0
623,確認,No,No,No,0,0.0,0,0,0,0,0,0,0
624,監視,No,No,No,0,0.0,0,0,0,0,0,0,0
625,監視,No,No,No,0,0.0,0,0,0,0,0,0,0
626,遮断,No,No,No,0,0.0,0,0,0,0,0,0,0
627,監視,No,No,No,0,0.0,0,0,0,0,0,0,0
628,監視,No,No,No,0,0.0,0,0,0,0,0,0,0
629,削除,No,No,No,0,0.0,0,0,0,0,0,0,0
630,追跡,No,No,No,0,0.0,0,0,0,0,0,0,0
631,追跡,No,No,No,0,0.0,0,0,0,0,0,0,0
632,監視,No,No,No,0,0.0,0,0,0,0,0,0,0
633,復元,No,No,No,0,0.0,0,0,0,0,0,0,0
634,監視,No,No,No,0,0.0,0,0,0,0,0,0,0
635,遮断,No,No,No,0,0.0,0,0,0,0,0,0,0
636,監視,No,No,No,0,0.0,0,0,0,0,0,0,0
637,監視,No,No,No,0,0.0,0,0,0,0,0,0,0
638,監視,No,No,No,0,0.0,0,0,0,0,0,0,0
639,監視,No,No,No,0,0.0,0,0,0,0,0,0,0
640,確認,No,No,No,0,0.0,0,0,0,0,0,0,0
641,確認,No,No,No,0,0.0,0,0,0,0,0,0,0
642,確認,No,No,No,0,0.0,0,0,0,0,0,0,0
643,監視,No,No,No,0,0.0,0,0,0,0,0,0,0
644,確認,No,No,No,0,0.0,0,0,0,0,0,0,0
645,監視,No,No,No,0,0.0,0,0,0,0,0,0,0
646,確認,No,No,No,0,0.0,0,0,0,0,0,0,0
647,確認,No,No,No,0,0.0,0,0,0,0,0,0,0
648,確認,No,No,No,0,0.0,0,0,0,0,0,0,0
649,追跡,No,No,No,0,0.0,0,0,0,0,0,0,0
650,確認,No,No,No,0,0.0,0,0,0,0,0,0,0
651,遮断,No,No,No,0,0.0,0,0,0,0,0,0,0
652,監視,No,No,No,0,0.0,0,0,0,0,0,0,0
653,設定,No,No,No,0,0.0,0,0,0,0,0,0,0
654,遮断,No,No,No,0,0.0,0,0,0,0,0,0,0
655,遮断,No,No,No,0,0.0,0,0,0,0,0,0,0
656,遮断,No,No,No,0,0.0,0,0,0,0,0,0,0
657,遮断,No,No,No,0,0.0,0,0,0,0,0,0,0
658,遮断,No,No,No,0,0.0,0,0,0,0,0,0,0
659,監視,No,No,No,0,0.0,0,0,0,0,0,0,0
660,遮断,No,No,No,0,0.0,0,0,0,0,0,0,0
661,設定,No,No,No,0,0.0,0,0,0,0,0,0,0
662,遮断,No,No,No,0,0.0,0,0,0,0,0,0,0
663,遮断,No,No,No,0,0.0,0,0,0,0,0,0,0
664,遮断,No,No,No,0,0.0,0,0,0,0,0,0,0
665,確認,No,No,No,0,0.0,0,0,0,0,0,0,0
666,遮断,No,No,No,0,0.0,0,0,0,0,0,0,0
667,監視,No,No,No,0,0.0,0,0,0,0,0,0,0
668,遮断,No,No,No,0,0.0,0,0,0,0,0,0,0
669,確認,No,No,No,0,0.0,0,0,0,0,0,0,0
670,確認,No,No,No,0,0.0,0,0,0,0,0,0,0
671,確認,No,No,No,0,0.0,0,0,0,0,0,0,0
672,確認,No,No,No,0,0.0,0,0,0,0,0,0,0
673,監視,No,No,No,0,0.0,0,0,0,0,0,0,0
674,確認,No,No,No,0,0.0,0,0,0,0,0,0,0
675,監視,No,No,No,0,0.0,0,0,0,0,0,0,0
676,確認,No,No,No,0,0.0,0,0,0,0,0,0,0
677,監視,No,No,No,0,0.0,0,0,0,0,0,0,0
678,監視,No,No,No,0,0.0,0,0,0,0,0,0,0
679,監視,No,No,No,0,0.0,0,0,0,0,0,0,0
680,監視,No,No,No,0,0.0,0,0,0,0,0,0,0
681,遮断,No,No,No,0,0.0,0,0,0,0,0,0,0
682,監視,No,No,No,0,0.0,0,0,0,0,0,0,0
683,確認,No,No,No,0,0.0,0,0,0,0,0,0,0
684,確認,No,No,No,0,0.0,0,0,0,0,0,0,0
685,確認,No,No,No,0,0.0,0,0,0,0,0,0,0
686,設定,No,No,No,0,0.0,0,0,0,0,0,0,0
687,設定,No,No,No,0,0.0,0,0,0,0,0,0,0
688,設定,No,No,No,0,0.0,0,0,0,0,0,0,0
689,許可,No,No,No,0,0.0,0,0,0,0,0,0,0
690,確認,No,No,No,0,0.0,0,0,0,0,0,0,0
691,確認,No,No,No,0,0.0,0,0,0,0,0,0,0
692,確認,No,No,No,0,0.0,0,0,0,0,0,0,0
693,確認,No,No,No,0,0.0,0,0,0,0,0,0,0
694,監視,No,No,No,0,0.0,0,0,0,0,0,0,0
695,共有,No,No,No,0,0.0,0,0,0,0,0,0,0
696,確認,No,No,No,0,0.0,0,0,0,0,0,0,0
697,共有,No,No,No,0,0.0,0,0,0,0,0,0,0
698,追跡,No,No,No,0,0.0,0,0,0,0,0,0,0
699,監視,No,No,No,0,0.0,0,0,0,0,0,0,0
700,監視,No,No,No,0,0.0,0,0,0,0,0,0,0
701,追跡,No,No,No,0,0.0,0,0,0,0,0,0,0
702,追跡,No,No,No,0,0.0,0,0,0,0,0,0,0
703,監視,No,No,No,0,0.0,0,0,0,0,0,0,0
704,確認,No,No,No,0,0.0,0,0,0,0,0,0,0
705,確認,No,No,No,0,0.0,0,0,0,0,0,0,0
706,確認,No,No,No,0,0.0,0,0,0,0,0,0,0
707,追跡,No,No,No,0,0.0,0,0,0,0,0,0,0
708,監視,No,No,No,0,0.0,0,0,0,0,0,0,0
709,監視,No,No,No,0,0.0,0,0,0,0,0,0,0
710,監視,No,No,No,0,0.0,0,0,0,0,0,0,0
711,共有,No,No,No,0,0.0,0,0,0,0,0,0,0
712,監視,No,No,No,0,0.0,0,0,0,0,0,0,0
713,監視,No,No,No,0,0.0,0,0,0,0,0,0,0
714,監視,No,No,No,0,0.0,0,0,0,0,0,0,0
715,監視,No,No,No,0,0.0,0,0,0,0,0,0,0
716,監視,No,No,No,0,0.0,0,0,0,0,0,0,0
717,監視,No,No,No,0,0.0,0,0,0,0,0,0,0
718,確認,No,No,No,0,0.0,0,0,0,0,0,0,0
719,監視,No,No,No,0,0.0,0,0,0,0,0,0,0
720,削除,No,No,No,0,0.0,0,0,0,0,0,0,0
721,監視,No,No,No,0,0.0,0,0,0,0,0,0,0
722,監視,No,No,No,0,0.0,0,0,0,0,0,0,0
723,遮断,No,No,No,0,0.0,0,0,0,0,0,0,0
724,確認,No,No,No,0,0.0,0,0,0,0,0,0,0
725,確認,No,No,No,0,0.0,0,0,0,0,0,0,0
726,確認,No,No,No,0,0.0,0,0,0,0,0,0,0
727,確認,No,No,No,0,0.0,0,0,0,0,0,0,0
728,確認,No,No,No,0,0.0,0,0,0,0,0,0,0
729,確認,No,No,No,0,0.0,0,0,0,0,0,0,0
730,共有,No,No,No,0,0.0,0,0,0,0,0,0,0
731,確認,No,No,No,0,0.0,0,0,0,0,0,0,0
732,監視,No,No,No,0,0.0,0,0,0,0,0,0,0
733,削除,No,No,No,0,0.0,0,0,0,0,0,0,0
734,削除,No,No,No,0,0.0,0,0,0,0,0,0,0
735,遮断,No,No,No,0,0.0,0,0,0,0,0,0,0
736,遮断,No,No,No,0,0.0,0,0,0,0,0,0,0
737,確認,No,No,No,0,0.0,0,0,0,0,0,0,0
738,監視,No,No,No,0,0.0,0,0,0,0,0,0,0
739,確認,No,No,No,0,0.0,0,0,0,0,0,0,0
740,追跡,No,No,No,0,0.0,0,0,0,0,0,0,0
741,設定,No,No,No,0,0.0,0,0,0,0,0,0,0
742,確認,No,No,No,0,0.0,0,0,0,0,0,0,0
743,確認,No,No,No,0,0.0,0,0,0,0,0,0,0
744,確認,No,No,No,0,0.0,0,0,0,0,0,0,0
745,確認,No,No,No,0,0.0,0,0,0,0,0,0,0
746,共有,No,No,No,0,0.0,0,0,0,0,0,0,0
747,設定,No,No,No,0,0.0,0,0,0,0,0,0,0
748,認証,No,No,No,0,0.0,0,0,0,0,0,0,0
749,確認,No,No,No,0,0.0,0,0,0,0,0,0,0
750,設定,No,No,No,0,0.0,0,0,0,0,0,0,0
751,監視,No,No,No,0,0.0,0,0,0,0,0,0,0
752,確認,No,No,No,0,0.0,0,0,0,0,0,0,0
753,遮断,No,No,No,0,0.0,0,0,0,0,0,0,0
754,遮断,No,No,No,0,0.0,0,0,0,0,0,0,0
755,遮断,No,No,No,0,0.0,0,0,0,0,0,0,0
756,監視,No,No,No,0,0.0,0,0,0,0,0,0,0
757,監視,No,No,No,0,0.0,0,0,0,0,0,0,0
758,削除,No,No,No,0,0.0,0,0,0,0,0,0,0
759,削除,No,No,No,0,0.0,0,0,0,0,0,0,0
760,削除,No,No,No,0,0.0,0,0,0,0,0,0,0
761,削除,No,No,No,0,0.0,0,0,0,0,0,0,0
762,削除,No,No,No,0,0.0,0,0,0,0,0,0,0
763,削除,No,No,No,0,0.0,0,0,0,0,0,0,0
764,復元,No,No,No,0,0.0,0,0,0,0,0,0,0
765,確認,No,No,No,0,0.0,0,0,0,0,0,0,0
766,確認,No,No,No,0,0.0,0,0,0,0,0,0,0
767,確認,No,No,No,0,0.0,0,0,0,0,0,0,0
768,復元,No,No,No,0,0.0,0,0,0,0,0,0,0
769,共有,No,No,No,0,0.0,0,0,0,0,0,0,0
770,確認,No,No,No,0,0.0,0,0,0,0,0,0,0
771,監視,No,No,No,0,0.0,0,0,0,0,0,0,0
772,確認,No,No,No,0,0.0,0,0,0,0,0,0,0
773,遮断,No,No,No,0,0.0,0,0,0,0,0,0,0
774,確認,No,No,No,0,0.0,0,0,0,0,0,0,0
775,設定,No,No,No,0,0.0,0,0,0,0,0,0,0
776,設定,No,No,No,0,0.0,0,0,0,0,0,0,0
777,設定,No,No,No,0,0.0,0,0,0,0,0,0,0
778,設定,No,No,No,0,0.0,0,0,0,0,0,0,0
779,確認,No,No,No,0,0.0,0,0,0,0,0,0,0
780,設定,No,No,No,0,0.0,0,0,0,0,0,0,0
781,確認,No,No,No,0,0.0,0,0,0,0,0,0,0
782,設定,No,No,No,0,0.0,0,0,0,0,0,0,0
783,確認,No,No,No,0,0.0,0,0,0,0,0,0,0
784,監視,No,No,No,0,0.0,0,0,0,0,0,0,0
785,設定,No,No,No,0,0.0,0,0,0,0,0,0,0
786,設定,No,No,No,0,0.0,0,0,0,0,0,0,0
787,設定,No,No,No,0,0.0,0,0,0,0,0,0,0
788,設定,No,No,No,0,0.0,0,0,0,0,0,0,0
789,設定,No,No,No,0,0.0,0,0,0,0,0,0,0
790,設定,No,No,No,0,0.0,0,0,0,0,0,0,0
791,設定,No,No,No,0,0.0,0,0,0,0,0,0,0
792,設定,No,No,No,0,0.0,0,0,0,0,0,0,0
793,設定,No,No,No,0,0.0,0,0,0,0,0,0,0
794,設定,No,No,No,0,0.0,0,0,0,0,0,0,0
795,設定,No,No,No,0,0.0,0,0,0,0,0,0,0
796,共有,No,No,No,0,0.0,0,0,0,0,0,0,0
797,設定,No,No,No,0,0.0,0,0,0,0,0,0,0
798,設定,No,No,No,0,0.0,0,0,0,0,0,0,0
799,設定,No,No,No,0,0.0,0,0,0,0,0,0,0
800,設定,No,No,No,0,0.0,0,0,0,0,0,0,0
801,許可,No,No,No,0,0.0,0,0,0,0,0,0,0
802,設定,No,No,No,0,0.0,0,0,0,0,0,0,0
803,確認,No,No,No,0,0.0,0,0,0,0,0,0,0
804,確認,No,No,No,0,0.0,0,0,0,0,0,0,0
805,遮断,No,No,No,0,0.0,0,0,0,0,0,0,0
806,設定,No,No,No,0,0.0,0,0,0,0,0,0,0
807,設定,No,No,No,0,0.0,0,0,0,0,0,0,0
808,確認,No,No,No,0,0.0,0,0,0,0,0,0,0
809,監視,No,No,No,0,0.0,0,0,0,0,0,0,0
810,監視,No,No,No,0,0.0,0,0,0,0,0,0,0
811,監視,No,No,No,0,0.0,0,0,0,0,0,0,0
812,遮断,No,No,No,0,0.0,0,0,0,0,0,0,0
813,監視,No,No,No,0,0.0,0,0,0,0,0,0,0
814,確認,No,No,No,0,0.0,0,0,0,0,0,0,0
815,認証,No,No,No,0,0.0,0,0,0,0,0,0,0
816,認証,No,No,No,0,0.0,0,0,0,0,0,0,0
817,認証,No,No,No,0,0.0,0,0,0,0,0,0,0
818,監視,No,No,No,0,0.0,0,0,0,0,0,0,0
819,監視,No,No,No,0,0.0,0,0,0,0,0,0,0
820,追跡,No,No,No,0,0.0,0,0,0,0,0,0,0
821,監視,No,No,No,0,0.0,0,0,0,0,0,0,0
822,監視,No,No,No,0,0.0,0,0,0,0,0,0,0
823,確認,No,No,No,0,0.0,0,0,0,0,0,0,0
824,確認,No,No,No,0,0.0,0,0,0,0,0,0,0
825,監視,No,No,No,0,0.0,0,0,0,0,0,0,0
826,監視,No,No,No,0,0.0,0,0,0,0,0,0,0
827,監視,No,No,No,0,0.0,0,0,0,0,0,0,0
828,監視,No,No,No,0,0.0,0,0,0,0,0,0,0
829,遮断,No,No,No,0,0.0,0,0,0,0,0,0,0
830,確認,No,No,No,0,0.0,0,0,0,0,0,0,0
831,監視,No,No,No,0,0.0,0,0,0,0,0,0,0
832,監視,No,No,No,0,0.0,0,0,0,0,0,0,0
833,確認,No,No,No,0,0.0,0,0,0,0,0,0,0
834,設定,No,No,No,0,0.0,0,0,0,0,0,0,0
835,確認,No,No,No,0,0.0,0,0,0,0,0,0,0
836,確認,No,No,No,0,0.0,0,0,0,0,0,0,0
837,設定,No,No,No,0,0.0,0,0,0,0,0,0,0
838,確認,No,No,No,0,0.0,0,0,0,0,0,0,0
839,確認,No,No,No,0,0.0,0,0,0,0,0,0,0
840,監視,No,No,No,0,0.0,0,0,0,0,0,0,0
841,確認,No,No,No,0,0.0,0,0,0,0,0,0,0
842,確認,No,No,No,0,0.0,0,0,0,0,0,0,0
843,認証,No,No,No,0,0.0,0,0,0,0,0,0,0
844,監視,No,No,No,0,0.0,0,0,0,0,0,0,0
845,設定,No,No,No,0,0.0,0,0,0,0,0,0,0
846,設定,No,No,No,0,0.0,0,0,0,0,0,0,0
847,設定,No,No,No,0,0.0,0,0,0,0,0,0,0
848,設定,No,No,No,0,0.0,0,0,0,0,0,0,0
849,確認,No,No,No,0,0.0,3,0,3,0,0,0,0
850,設定,No,No,No,0,0.0,3,0,3,0,0,0,0
851,監視,No,No,No,0,0.0,3,0,3,0,0,0,0
852,設定,No,No,No,0,0.0,3,0,3,0,0,0,0
853,監視,No,No,No,0,0.0,3,0,3,0,0,0,0
854,設定,No,No,No,0,0.0,3,0,3,0,0,0,0
855,確認,No,No,No,0,0.0,3,0,3,0,0,0,0
856,認証,No,No,No,0,0.0,3,0,3,0,0,0,0
857,確認,No,No,No,0,0.0,3,0,3,0,0,0,0
858,認証,No,No,No,0,0.0,3,0,3,0,0,0,0
859,設定,No,No,No,0,0.0,3,0,3,0,0,0,0
860,確認,No,No,No,0,0.0,3,0,3,0,0,0,0
861,確認,No,No,No,0,0.0,3,0,3,0,0,0,0
862,監視,No,No,No,0,0.0,3,0,3,0,0,0,0
863,追跡,No,No,No,0,0.0,3,0,3,0,0,0,0
864,監視,No,No,No,0,0.0,3,0,3,0,0,0,0
865,確認,No,No,No,0,0.0,3,0,3,0,0,0,0
866,追跡,No,No,No,0,0.0,3,0,3,0,0,0,0
867,遮断,No,No,No,0,0.0,3,0,3,0,0,0,0
868,遮断,No,No,No,0,0.0,3,0,3,0,0,0,0
869,監視,No,No,No,0,0.0,3,0,3,0,0,0,0
870,確認,No,No,No,0,0.0,3,0,3,0,0,0,0
871,遮断,No,No,No,0,0.0,3,0,3,0,0,0,0
872,設定,No,No,No,0,0.0,3,0,3,0,0,0,0
873,監視,No,No,No,0,0.0,3,0,3,0,0,0,0
874,監視,No,No,No,0,0.0,3,0,3,0,0,0,0
875,確認,No,No,No,0,0.0,3,0,3,0,0,0,0
876,確認,No,No,No,0,0.0,3,0,3,0,0,0,0
877,監視,No,No,No,0,0.0,3,0,3,0,0,0,0
878,監視,No,No,No,0,0.0,3,0,3,0,0,0,0
879,監視,No,No,No,0,0.0,3,0,3,0,0,0,0
880,共有,No,No,No,0,0.0,3,0,3,0,0,0,0
881,確認,No,No,No,0,0.0,3,0,3,0,0,0,0
882,監視,No,No,No,0,0.0,4,0,4,0,0,0,0
883,確認,No,No,No,0,0.0,4,0,4,0,0,0,0
884,確認,No,No,No,0,0.0,4,0,4,0,0,0,0
885,遮断,No,No,No,0,0.0,4,0,4,0,0,0,0
886,遮断,No,No,No,0,0.0,4,0,4,0,0,0,0
887,遮断,No,No,No,0,0.0,4,0,4,0,0,0,0
888,監視,No,No,No,0,0.0,4,0,4,0,0,0,0
889,遮断,No,No,No,0,0.0,4,0,4,0,0,0,0
890,遮断,No,No,No,0,0.0,4,0,4,0,0,0,0
891,遮断,No,No,No,0,0.0,4,0,4,0,0,0,0
892,遮断,No,No,No,0,0.0,4,0,4,0,0,0,0
893,遮断,No,No,No,0,0.0,4,0,4,0,0,0,0
894,遮断,No,No,No,0,0.0,4,0,4,0,0,0,0
895,確認,No,No,No,0,0.0,4,0,4,0,0,0,0
896,遮断,No,No,No,0,0.0,4,0,4,0,0,0,0
897,監視,No,No,No,0,0.0,4,0,4,0,0,0,0
898,監視,No,No,No,0,0.0,4,0,4,0,0,0,0
899,監視,No,No,No,0,0.0,4,0,4,0,0,0,0
900,遮断,No,No,No,0,0.0,4,0,4,0,0,0,0
901,確認,No,No,No,0,0.0,4,0,4,0,0,0,0
902,認証,No,No,No,0,0.0,4,0,4,0,0,0,0
903,確認,No,No,No,0,0.0,4,0,4,0,0,0,0
904,確認,No,No,No,0,0.0,4,0,4,0,0,0,0
905,認証,No,No,No,0,0.0,4,0,4,0,0,0,0
906,監視,No,No,No,0,0.0,4,0,4,0,0,0,0
907,確認,No,No,No,0,0.0,4,0,4,0,0,0,0
908,共有,No,No,No,0,0.0,4,0,4,0,0,0,0
909,確認,No,No,No,0,0.0,4,0,4,0,0,0,0
910,確認,No,No,No,0,0.0,4,0,4,0,0,0,0
911,監視,No,No,No,0,0.0,4,0,4,0,0,0,0
912,追跡,No,No,No,0,0.0,4,0,4,0,0,0,0
913,確認,No,No,No,0,0.0,4,0,4,0,0,0,0
914,確認,No,No,No,0,0.0,4,0,4,0,0,0,0
915,確認,No,No,No,0,0.0,4,0,4,0,0,0,0
916,監視,No,No,No,0,0.0,4,0,4,0,0,0,0
917,監視,No,No,No,0,0.0,4,0,4,0,0,0,0
918,設定,No,No,No,0,0.0,4,0,4,0,0,0,0
919,確認,No,No,No,0,0.0,4,0,4,0,0,0,0
920,設定,No,No,No,0,0.0,4,0,4,0,0,0,0
921,確認,No,No,No,0,0.0,4,0,4,0,0,0,0
922,監視,No,No,No,0,0.0,4,0,4,0,0,0,0
923,確認,No,No,No,0,0.0,4,0,4,0,0,0,0
924,確認,No,No,No,0,0.0,4,0,4,0,0,0,0
925,確認,No,No,No,0,0.0,4,0,4,0,0,0,0
926,監視,No,No,No,0,0.0,4,0,4,0,0,0,0
927,監視,No,No,No,0,0.0,4,0,4,0,0,0,0
928,確認,No,No,No,0,0.0,4,0,4,0,0,0,0
929,共有,No,No,No,0,0.0,4,0,4,0,0,0,0
930,確認,No,No,No,0,0.0,4,0,4,0,0,0,0
931,監視,No,No,No,0,0.0,4,0,4,0,0,0,0
932,確認,No,No,No,0,0.0,4,0,4,0,0,0,0
933,確認,No,No,No,0,0.0,4,0,4,0,0,0,0
934,監視,No,No,No,0,0.0,4,0,4,0,0,0,0
935,設定,No,No,No,0,0.0,4,0,4,0,0,0,0
936,設定,No,No,No,0,0.0,4,0,4,0,0,0,0
937,確認,No,No,No,0,0.0,4,0,4,0,0,0,0
938,設定,No,No,No,0,0.0,4,0,4,0,0,0,0
939,許可,No,No,No,0,0.0,4,0,4,0,0,0,0
940,確認,No,No,No,0,0.0,4,0,4,0,0,0,0
941,設定,No,No,No,0,0.0,4,0,4,0,0,0,0
942,設定,No,No,No,0,0.0,4,0,4,0,0,0,0
943,削除,No,No,No,0,0.0,4,0,4,0,0,0,0
944,削除,No,No,No,0,0.0,4,0,4,0,0,0,0
945,復元,No,No,No,0,0.0,4,0,4,0,0,0,0
946,削除,No,No,No,0,0.0,4,0,4,0,0,0,0
947,確認,No,No,No,0,0.0,4,0,4,0,0,0,0
948,設定,No,No,No,0,0.0,4,0,4,0,0,0,0
949,設定,No,No,No,0,0.0,4,0,4,0,0,0,0
950,設定,No,No,No,0,0.0,4,0,4,0,0,0,0
951,設定,No,No,No,0,0.0,4,0,4,0,0,0,0
952,確認,No,No,No,0,0.0,4,0,4,0,0,0,0
953,遮断,No,No,No,0,0.0,4,0,4,0,0,0,0
954,確認,No,No,No,0,0.0,4,0,4,0,0,0,0
955,監視,No,No,No,0,0.0,4,0,4,0,0,0,0
956,設定,No,No,No,0,0.0,4,0,4,0,0,0,0
957,確認,No,No,No,0,0.0,4,0,4,0,0,0,0
958,許可,No,No,No,0,0.0,4,0,4,0,0,0,0
959,設定,No,No,No,0,0.0,4,0,4,0,0,0,0
960,設定,No,No,No,0,0.0,4,0,4,0,0,0,0
961,監視,No,No,No,0,0.0,4,0,4,0,0,0,0
962,共有,No,No,No,0,0.0,4,0,4,0,0,0,0
963,確認,No,No,No,0,0.0,4,0,4,0,0,0,0
964,削除,No,No,No,0,0.0,4,0,4,0,0,0,0
965,復元,No,No,No,0,0.0,4,0,4,0,0,0,0
966,設定,No,No,No,0,0.0,4,0,4,0,0,0,0
967,確認,No,No,No,0,0.0,4,0,4,0,0,0,0
968,設定,No,No,No,0,0.0,4,0,4,0,0,0,0
969,設定,No,No,No,0,0.0,4,0,4,0,0,0,0
970,確認,No,No,No,0,0.0,4,0,4,0,0,0,0
971,監視,No,No,No,0,0.0,4,0,4,0,0,0,0
972,確認,No,No,No,0,0.0,4,0,4,0,0,0,0
973,確認,No,No,No,0,0.0,4,0,4,0,0,0,0
974,監視,No,No,No,0,0.0,4,0,4,0,0,0,0
975,確認,No,No,No,0,0.0,4,0,4,0,0,0,0
976,削除,No,No,No,0,0.0,4,0,4,0,0,0,0
977,確認,No,No,No,0,0.0,4,0,4,0,0,0,0
978,確認,No,No,No,0,0.0,4,0,4,0,0,0,0
979,確認,No,No,No,0,0.0,4,0,4,0,0,0,0
980,遮断,No,No,No,0,0.0,4,0,4,0,0,0,0
981,遮断,No,No,No,0,0.0,4,0,4,0,0,0,0
982,遮断,No,No,No,0,0.0,4,0,4,0,0,0,0
983,確認,No,No,No,0,0.0,4,0,4,0,0,0,0
984,監視,No,No,No,0,0.0,4,0,4,0,0,0,0
985,確認,No,No,No,0,0.0,4,0,4,0,0,0,0
986,監視,No,No,No,0,0.0,4,0,4,0,0,0,0
987,遮断,No,No,No,0,0.0,4,0,4,0,0,0,0
988,確認,No,No,No,0,0.0,4,0,4,0,0,0,0
989,遮断,No,No,No,0,0.0,4,0,4,0,0,0,0
990,遮断,No,No,No,0,0.0,4,0,4,0,0,0,0
991,遮断,No,No,No,0,0.0,4,0,4,0,0,0,0
992,遮断,No,No,No,0,0.0,4,0,4,0,0,0,0
993,確認,No,No,No,0,0.0,4,0,4,0,0,0,0
994,遮断,No,No,No,0,0.0,4,0,4,0,0,0,0
995,遮断,No,No,No,0,0.0,4,0,4,0,0,0,0
996,認証,No,No,No,0,0.0,4,0,4,0,0,0,0
997,認証,No,No,No,0,0.0,4,0,4,0,0,0,0
998,認証,No,No,No,0,0.0,4,0,4,0,0,0,0
999,確認,No,No,No,0,0.0,4,0,4,0,0,0,0
1000,遮断,No,No,No,0,0.0,4,0,4,0,0,0,0
1001,遮断,No,No,No,0,0.0,4,0,4,0,0,0,0
1002,確認,No,No,No,0,0.0,4,0,4,0,0,0,0
1003,確認,No,No,No,0,0.0,4,0,4,0,0,0,0
1004,確認,No,No,No,0,0.0,4,0,4,0,0,0,0
1005,遮断,No,No,No,0,0.0,4,0,4,0,0,0,0
1006,監視,No,No,No,0,0.0,4,0,4,0,0,0,0
1007,確認,No,No,No,0,0.0,4,0,4,0,0,0,0
1008,遮断,No,No,No,0,0.0,4,0,4,0,0,0,0
1009,確認,No,No,No,0,0.0,4,0,4,0,0,0,0
1010,監視,No,No,No,0,0.0,4,0,4,0,0,0,0
1011,確認,No,No,No,0,0.0,4,0,4,0,0,0,0
1012,遮断,No,No,No,0,0.0,4,0,4,0,0,0,0
1013,遮断,No,No,No,0,0.0,4,0,4,0,0,0,0
1014,遮断,No,No,No,0,0.0,4,0,4,0,0,0,0
1015,確認,No,No,No,0,0.0,4,0,4,0,0,0,0
1016,確認,No,No,No,0,0.0,4,0,4,0,0,0,0
1017,設定,No,No,No,0,0.0,4,0,4,0,0,0,0
1018,設定,No,No,No,0,0.0,4,0,4,0,0,0,0
1019,確認,No,No,No,0,0.0,4,0,4,0,0,0,0
1020,設定,No,No,No,0,0.0,4,0,4,0,0,0,0
1021,設定,No,No,No,0,0.0,4,0,4,0,0,0,0
1022,設定,No,No,No,0,0.0,4,0,4,0,0,0,0
1023,確認,No,No,No,0,0.0,4,0,4,0,0,0,0
1024,確認,No,No,No,0,0.0,4,0,4,0,0,0,0
1025,設定,No,No,No,0,0.0,4,0,4,0,0,0,0
1026,設定,No,No,No,0,0.0,4,0,4,0,0,0,0
1027,監視,No,No,No,0,0.0,4,0,4,0,0,0,0
1028,設定,No,No,No,0,0.0,4,0,4,0,0,0,0
1029,確認,No,No,No,0,0.0,4,0,4,0,0,0,0
1030,監視,No,No,No,0,0.0,4,0,4,0,0,0,0
1031,設定,No,No,No,0,0.0,4,0,4,0,0,0,0
1032,設定,No,No,No,0,0.0,4,0,4,0,0,0,0
1033,確認,No,No,No,0,0.0,4,0,4,0,0,0,0
1034,監視,No,No,No,0,0.0,4,0,4,0,0,0,0
1035,設定,No,No,No,0,0.0,4,0,4,0,0,0,0
1036,削除,No,No,No,0,0.0,4,0,4,0,0,0,0
1037,設定,No,No,No,0,0.0,4,0,4,0,0,0,0
1038,許可,No,No,No,0,0.0,4,0,4,0,0,0,0
1039,設定,No,No,No,0,0.0,4,0,4,0,0,0,0
1040,設定,No,No,No,0,0.0,4,0,4,0,0,0,0
1041,監視,No,No,No,0,0.0,4,0,4,0,0,0,0
1042,確認,No,No,No,0,0.0,4,0,4,0,0,0,0
1043,設定,No,No,No,0,0.0,4,0,4,0,0,0,0
1044,設定,No,No,No,0,0.0,4,0,4,0,0,0,0
1045,確認,No,No,No,0,0.0,4,0,4,0,0,0,0
1046,削除,No,No,No,0,0.0,4,0,4,0,0,0,0
1047,設定,No,No,No,0,0.0,4,0,4,0,0,0,0
1048,共有,No,No,No,0,0.0,4,0,4,0,0,0,0
1049,設定,No,No,No,0,0.0,4,0,4,0,0,0,0
1050,削除,No,No,No,0,0.0,4,0,4,0,0,0,0
1051,確認,No,No,No,0,0.0,4,0,4,0,0,0,0
1052,設定,No,No,No,0,0.0,4,0,4,0,0,0,0
1053,復元,No,No,No,0,0.0,4,0,4,0,0,0,0
1054,監視,No,No,No,0,0.0,4,0,4,0,0,0,0
1055,監視,No,No,No,0,0.0,4,0,4,0,0,0,0
1056,確認,No,No,No,0,0.0,4,0,4,0,0,0,0
1057,遮断,No,No,No,0,0.0,4,0,4,0,0,0,0
1058,遮断,No,No,No,0,0.0,4,0,4,0,0,0,0
1059,遮断,No,No,No,0,0.0,4,0,4,0,0,0,0
1060,遮断,No,No,No,0,0.0,4,0,4,0,0,0,0
1061,遮断,No,No,No,0,0.0,4,0,4,0,0,0,0
1062,遮断,No,No,No,0,0.0,4,0,4,0,0,0,0
1063,確認,No,No,No,0,0.0,4,0,4,0,0,0,0
1064,確認,No,No,No,0,0.0,4,0,4,0,0,0,0
1065,確認,No,No,No,0,0.0,4,0,4,0,0,0,0
1066,確認,No,No,No,0,0.0,4,0,4,0,0,0,0
1067,確認,No,No,No,0,0.0,4,0,4,0,0,0,0
1068,確認,No,No,No,0,0.0,4,0,4,0,0,0,0
1069,遮断,No,No,No,0,0.0,4,0,4,0,0,0,0
1070,遮断,No,No,No,0,0.0,4,0,4,0,0,0,0
1071,確認,No,No,No,0,0.0,4,0,4,0,0,0,0
1072,確認,No,No,No,0,0.0,4,0,4,0,0,0,0
1073,遮断,No,No,No,0,0.0,4,0,4,0,0,0,0
1074,遮断,No,No,No,0,0.0,4,0,4,0,0,0,0
1075,遮断,No,No,No,0,0.0,4,0,4,0,0,0,0
1076,確認,No,No,No,0,0.0,4,0,4,0,0,0,0
1077,確認,No,No,No,0,0.0,4,0,4,0,0,0,0
1078,確認,No,No,No,0,0.0,4,0,4,0,0,0,0
1079,遮断,No,No,No,0,0.0,4,0,4,0,0,0,0
1080,監視,No,No,No,0,0.0,4,0,4,0,0,0,0
1081,確認,No,No,No,0,0.0,4,0,4,0,0,0,0
1082,確認,No,No,No,0,0.0,4,0,4,0,0,0,0
1083,確認,No,No,No,0,0.0,4,0,4,0,0,0,0
1084,遮断,No,No,No,0,0.0,4,0,4,0,0,0,0
1085,確認,No,No,No,0,0.0,4,0,4,0,0,0,0
1086,遮断,No,No,No,0,0.0,4,0,4,0,0,0,0
1087,確認,No,No,No,0,0.0,4,0,4,0,0,0,0
1088,共有,No,No,No,0,0.0,4,0,4,0,0,0,0
1089,監視,No,No,No,0,0.0,4,0,4,0,0,0,0
1090,遮断,No,No,No,0,0.0,4,0,4,0,0,0,0
1091,設定,No,No,No,0,0.0,4,0,4,0,0,0,0
1092,監視,No,No,No,0,0.0,4,0,4,0,0,0,0
1093,確認,No,No,No,0,0.0,4,0,4,0,0,0,0
1094,確認,No,No,No,0,0.0,4,0,4,0,0,0,0
1095,遮断,No,No,No,0,0.0,4,0,4,0,0,0,0
1096,確認,No,No,No,0,0.0,4,0,4,0,0,0,0
1097,確認,No,No,No,0,0.0,4,0,4,0,0,0,0
1098,確認,No,No,No,0,0.0,4,0,4,0,0,0,0
1099,共有,No,No,No,0,0.0,4,0,4,0,0,0,0
1100,監視,No,No,No,0,0.0,4,0,4,0,0,0,0
1101,確認,No,No,No,0,0.0,4,0,4,0,0,0,0
1102,確認,No,No,No,0,0.0,4,0,4,0,0,0,0
1103,確認,No,No,No,0,0.0,4,0,4,0,0,0,0
1104,確認,No,No,No,0,0.0,4,0,4,0,0,0,0
1105,追跡,No,No,No,0,0.0,4,0,4,0,0,0,0
1106,確認,No,No,No,0,0.0,2,0,2,0,0,0,0
1107,監視,No,No,No,0,0.0,1,0,1,0,0,0,0
1108,確認,No,No,No,0,0.0,1,0,1,0,0,0,0
1109,確認,No,No,No,0,0.0,1,0,1,0,0,0,0
1110,認証,No,No,No,0,0.0,1,0,1,0,0,0,0
1111,設定,No,No,No,0,0.0,1,0,1,0,0,0,0
1112,確認,No,No,No,0,0.0,1,0,1,0,0,0,0
1113,確認,No,No,No,0,0.0,1,0,1,0,0,0,0
1114,確認,No,No,No,0,0.0,1,0,1,0,0,0,0
1115,設定,No,No,No,0,0.0,1,0,1,0,0,0,0
1116,確認,No,No,No,0,0.0,1,0,1,0,0,0,0
1117,許可,No,No,No,0,0.0,1,0,1,0,0,0,0
1118,遮断,No,No,No,0,0.0,1,0,1,0,0,0,0
1119,確認,No,No,No,0,0.0,1,0,1,0,0,0,0
1120,確認,No,No,No,0,0.0,1,0,1,0,0,0,0
1121,確認,No,No,No,0,0.0,1,0,1,0,0,0,0
1122,監視,No,No,No,0,0.0,1,0,1,0,0,0,0
1123,確認,No,No,No,0,0.0,1,0,1,0,0,0,0
1124,確認,No,No,No,0,0.0,1,0,1,0,0,0,0
1125,確認,No,No,No,0,0.0,1,0,1,0,0,0,0
1126,確認,No,No,No,0,0.0,1,0,1,0,0,0,0
1127,確認,No,No,No,0,0.0,1,0,1,0,0,0,0
1128,確認,No,No,No,0,0.0,1,0,1,0,0,0,0
1129,確認,No,No,No,0,0.0,1,0,1,0,0,0,0
1130,確認,No,No,No,0,0.0,1,0,1,0,0,0,0
1131,確認,No,No,No,0,0.0,1,0,1,0,0,0,0
1132,確認,No,No,No,0,0.0,1,0,1,0,0,0,0
1133,確認,No,No,No,0,0.0,1,0,1,0,0,0,0
1134,確認,No,No,No,0,0.0,1,0,1,0,0,0,0
1135,確認,No,No,No,0,0.0,1,0,1,0,0,0,0
1136,確認,No,No,No,0,0.0,1,0,1,0,0,0,0
1137,確認,No,No,No,0,0.0,1,0,1,0,0,0,0
1138,確認,No,No,No,0,0.0,1,0,1,0,0,0,0
1139,確認,No,No,No,0,0.0,1,0,1,0,0,0,0
1140,確認,No,No,No,0,0.0,1,0,1,0,0,0,0
1141,確認,No,No,No,0,0.0,1,0,1,0,0,0,0
1142,確認,No,No,No,0,0.0,1,0,1,0,0,0,0
1143,確認,No,No,No,0,0.0,0,0,0,0,0,0,0
1144,確認,No,No,No,0,0.0,0,0,0,0,0,0,0
1145,設定,No,No,No,0,0.0,0,0,0,0,0,0,0
1146,確認,No,No,No,0,0.0,0,0,0,0,0,0,0
1147,確認,No,No,No,0,0.0,0,0,0,0,0,0,0
1148,確認,No,No,No,0,0.0,0,0,0,0,0,0,0
1149,復元,No,No,No,0,0.0,0,0,0,0,0,0,0
1150,確認,No,No,No,0,0.0,0,0,0,0,0,0,0
1151,確認,No,No,No,0,0.0,0,0,0,0,0,0,0
1152,確認,No,No,No,0,0.0,0,0,0,0,0,0,0
1153,追跡,No,No,No,0,0.0,0,0,0,0,0,0,0
1154,確認,No,No,No,0,0.0,0,0,0,0,0,0,0
1155,確認,No,No,No,0,0.0,0,0,0,0,0,0,0
1156,設定,No,No,No,0,0.0,0,0,0,0,0,0,0
1157,遮断,No,No,No,0,0.0,0,0,0,0,0,0,0
1158,確認,No,No,No,0,0.0,0,0,0,0,0,0,0
1159,確認,No,No,No,0,0.0,0,0,0,0,0,0,0
1160,確認,No,No,No,0,0.0,0,0,0,0,0,0,0
1161,確認,No,No,No,0,0.0,0,0,0,0,0,0,0
1162,確認,No,No,No,0,0.0,0,0,0,0,0,0,0
1163,認証,No,No,No,0,0.0,0,0,0,0,0,0,0
1164,確認,No,No,No,0,0.0,0,0,0,0,0,0,0
1165,遮断,No,No,No,0,0.0,0,0,0,0,0,0,0
1166,遮断,No,No,No,0,0.0,0,0,0,0,0,0,0
1167,遮断,No,No,No,0,0.0,0,0,0,0,0,0,0
1168,遮断,No,No,No,0,0.0,0,0,0,0,0,0,0
1169,遮断,No,No,No,0,0.0,0,0,0,0,0,0,0
1170,遮断,No,No,No,0,0.0,0,0,0,0,0,0,0
1171,遮断,No,No,No,0,0.0,0,0,0,0,0,0,0
1172,追跡,No,No,No,0,0.0,0,0,0,0,0,0,0
1173,遮断,No,No,No,0,0.0,0,0,0,0,0,0,0
1174,設定,No,No,No,0,0.0,0,0,0,0,0,0,0
1175,遮断,No,No,No,0,0.0,0,0,0,0,0,0,0
1176,削除,No,No,No,0,0.0,0,0,0,0,0,0,0
1177,設定,No,No,No,0,0.0,0,0,0,0,0,0,0
1178,監視,No,No,No,0,0.0,0,0,0,0,0,0,0
1179,追跡,No,No,No,0,0.0,0,0,0,0,0,0,0
1180,遮断,No,No,No,0,0.0,0,0,0,0,0,0,0
1181,遮断,No,No,No,0,0.0,0,0,0,0,0,0,0
1182,削除,No,No,No,0,0.0,0,0,0,0,0,0,0
1183,監視,No,No,No,0,0.0,0,0,0,0,0,0,0
1184,設定,No,No,No,0,0.0,0,0,0,0,0,0,0
1185,設定,No,No,No,0,0.0,0,0,0,0,0,0,0
1186,設定,No,No,No,0,0.0,0,0,0,0,0,0,0
1187,設定,No,No,No,0,0.0,0,0,0,0,0,0,0
1188,設定,No,No,No,0,0.0,0,0,0,0,0,0,0
1189,設定,No,No,No,0,0.0,0,0,0,0,0,0,0
1190,設定,No,No,No,0,0.0,0,0,0,0,0,0,0
1191,設定,No,No,No,0,0.0,0,0,0,0,0,0,0
1192,設定,No,No,No,0,0.0,0,0,0,0,0,0,0
1193,設定,No,No,No,0,0.0,0,0,0,0,0,0,0
1194,設定,No,No,No,0,0.0,0,0,0,0,0,0,0
1195,確認,No,No,No,0,0.0,0,0,0,0,0,0,0
1196,設定,No,No,No,0,0.0,0,0,0,0,0,0,0
1197,削除,No,No,No,0,0.0,0,0,0,0,0,0,0
1198,設定,No,No,No,0,0.0,0,0,0,0,0,0,0
1199,設定,No,No,No,0,0.0,0,0,0,0,0,0,0
1200,設定,No,No,No,0,0.0,0,0,0,0,0,0,0
1201,遮断,No,No,No,0,0.0,0,0,0,0,0,0,0
1202,削除,No,No,No,0,0.0,0,0,0,0,0,0,0
1203,確認,No,No,No,0,0.0,0,0,0,0,0,0,0
1204,追跡,No,No,No,0,0.0,0,0,0,0,0,0,0
1205,確認,No,No,No,0,0.0,0,0,0,0,0,0,0
1206,確認,No,No,No,0,0.0,0,0,0,0,0,0,0
1207,確認,No,No,No,0,0.0,0,0,0,0,0,0,0
1208,復元,No,No,No,0,0.0,0,0,0,0,0,0,0
1209,確認,No,No,No,0,0.0,0,0,0,0,0,0,0
1210,確認,No,No,No,0,0.0,0,0,0,0,0,0,0
1211,確認,No,No,No,0,0.0,0,0,0,0,0,0,0
1212,確認,No,No,No,0,0.0,0,0,0,0,0,0,0
1213,確認,No,No,No,0,0.0,0,0,0,0,0,0,0
1214,遮断,No,No,No,0,0.0,0,0,0,0,0,0,0
1215,遮断,No,No,No,0,0.0,0,0,0,0,0,0,0
1216,遮断,No,No,No,0,0.0,0,0,0,0,0,0,0
1217,監視,No,No,No,0,0.0,0,0,0,0,0,0,0
1218,確認,No,No,No,0,0.0,0,0,0,0,0,0,0
1219,遮断,No,No,No,0,0.0,0,0,0,0,0,0,0
1220,監視,No,No,No,0,0.0,0,0,0,0,0,0,0
1221,監視,No,No,No,0,0.0,0,0,0,0,0,0,0
1222,確認,No,No,No,0,0.0,0,0,0,0,0,0,0
1223,監視,No,No,No,0,0.0,0,0,0,0,0,0,0
1224,確認,No,No,No,0,0.0,0,0,0,0,0,0,0
1225,設定,No,No,No,0,0.0,0,0,0,0,0,0,0
1226,確認,No,No,No,0,0.0,0,0,0,0,0,0,0
1227,設定,No,No,No,0,0.0,0,0,0,0,0,0,0
1228,確認,No,No,No,0,0.0,0,0,0,0,0,0,0
1229,確認,No,No,No,0,0.0,0,0,0,0,0,0,0
1230,確認,No,No,No,0,0.0,0,0,0,0,0,0,0
1231,遮断,No,No,No,0,0.0,0,0,0,0,0,0,0
1232,確認,No,No,No,0,0.0,0,0,0,0,0,0,0
1233,遮断,No,No,No,0,0.0,0,0,0,0,0,0,0
1234,確認,No,No,No,0,0.0,0,0,0,0,0,0,0
1235,遮断,No,No,No,0,0.0,0,0,0,0,0,0,0
1236,確認,No,No,No,0,0.0,0,0,0,0,0,0,0
1237,遮断,No,No,No,0,0.0,0,0,0,0,0,0,0
1238,遮断,No,No,No,0,0.0,0,0,0,0,0,0,0
1239,確認,No,No,No,0,0.0,0,0,0,0,0,0,0
1240,遮断,No,No,No,0,0.0,0,0,0,0,0,0,0
1241,確認,No,No,No,0,0.0,0,0,0,0,0,0,0
1242,遮断,No,No,No,0,0.0,0,0,0,0,0,0,0
1243,確認,No,No,No,0,0.0,0,0,0,0,0,0,0
1244,確認,No,No,No,0,0.0,0,0,0,0,0,0,0
1245,復元,No,No,No,0,0.0,0,0,0,0,0,0,0
1246,確認,No,No,No,0,0.0,0,0,0,0,0,0,0
1247,確認,No,No,No,0,0.0,0,0,0,0,0,0,0
1248,確認,No,No,No,0,0.0,0,0,0,0,0,0,0
1249,確認,No,No,No,0,0.0,0,0,0,0,0,0,0
1250,確認,No,No,No,0,0.0,0,0,0,0,0,0,0
1251,確認,No,No,No,0,0.0,0,0,0,0,0,0,0
1252,確認,No,No,No,0,0.0,0,0,0,0,0,0,0
1253,確認,No,No,No,0,0.0,0,0,0,0,0,0,0
1254,追跡,No,No,No,0,0.0,0,0,0,0,0,0,0
1255,確認,No,No,No,0,0.0,0,0,0,0,0,0,0
1256,追跡,No,No,No,0,0.0,0,0,0,0,0,0,0
1257,設定,No,No,No,0,0.0,0,0,0,0,0,0,0
1258,確認,No,No,No,0,0.0,0,0,0,0,0,0,0
1259,認証,No,No,No,0,0.0,0,0,0,0,0,0,0
1260,監視,No,No,No,0,0.0,0,0,0,0,0,0,0
1261,監視,No,No,No,0,0.0,0,0,0,0,0,0,0
1262,追跡,No,No,No,0,0.0,0,0,0,0,0,0,0
1263,確認,No,No,No,0,0.0,0,0,0,0,0,0,0
1264,確認,No,No,No,0,0.0,0,0,0,0,0,0,0
1265,確認,No,No,No,0,0.0,0,0,0,0,0,0,0
1266,確認,No,No,No,3,0.0,0,0,0,0,0,0,0
1267,確認,No,No,No,3,0.0,0,0,0,0,0,0,0
1268,設定,No,No,No,3,0.0,0,0,0,0,0,0,0
1269,設定,No,No,No,3,0.0,0,0,0,0,0,0,0
1270,確認,No,No,No,3,0.0,0,0,0,0,0,0,0
1271,設定,No,No,No,3,0.0,0,0,0,0,0,0,0
1272,設定,No,No,No,3,0.0,0,0,0,0,0,0,0
1273,確認,No,No,No,3,0.0,0,0,0,0,0,0,0
1274,確認,No,No,No,3,0.0,0,0,0,0,0,0,0
1275,設定,No,No,No,3,0.0,0,0,0,0,0,0,0
1276,設定,No,No,No,3,0.0,0,0,0,0,0,0,0
1277,設定,No,No,No,3,0.0,0,0,0,0,0,0,0
1278,設定,No,No,No,3,0.0,0,0,0,0,0,0,0
1279,設定,No,No,No,3,0.0,0,0,0,0,0,0,0
1280,設定,No,No,No,3,0.0,0,0,0,0,0,0,0
1281,確認,No,No,No,6,0.5,1,0,0,0,0,1,0
1282,遮断,No,No,No,6,0.5,1,0,0,0,0,1,0
1283,確認,No,No,No,6,0.5,1,0,0,0,0,1,0
1284,追跡,No,No,No,6,0.5,1,0,0,0,0,1,0
1285,遮断,No,No,No,6,0.5,1,0,0,0,0,1,0
1286,遮断,No,No,No,6,0.5,1,0,0,0,0,1,0
1287,確認,No,No,No,6,0.5,1,0,0,0,0,1,0
1288,遮断,No,No,No,6,0.5,1,0,0,0,0,1,0
1289,削除,No,No,No,6,0.5,1,0,0,0,0,1,0
1290,復元,No,No,No,6,0.5,1,0,0,0,0,1,0
1291,確認,No,No,No,6,0.5,1,0,0,0,0,1,0
1292,確認,No,No,No,6,0.5,1,0,0,0,0,1,0
1293,確認,No,No,No,6,0.5,1,0,0,0,0,1,0
1294,設定,No,No,No,6,0.5,1,0,0,0,0,1,0
1295,確認,No,No,No,6,0.5,1,0,0,0,0,1,0
1296,認証,No,No,No,6,0.5,1,0,0,0,0,1,0
1297,設定,No,No,No,6,0.5,1,0,0,0,0,1,0
1298,確認,No,No,No,6,0.5,1,0,0,0,0,1,0
1299,設定,No,No,No,6,0.5,1,0,0,0,0,1,0
1300,削除,No,No,No,6,0.5,1,0,0,0,0,1,0
1301,復元,No,No,No,6,0.5,1,0,0,0,0,1,0
1302,監視,No,No,No,6,0.5,1,0,0,0,0,1,0
1303,確認,No,No,No,6,0.5,1,0,0,0,0,1,0
1304,設定,No,No,No,6,0.5,1,0,0,0,0,1,0
1305,設定,No,No,No,6,0.5,1,0,0,0,0,1,0
1306,削除,No,No,No,6,0.5,1,0,0,0,0,1,0
1307,確認,No,No,No,6,0.5,1,0,0,0,0,1,0
1308,監視,No,No,No,9,0.444,1,0,0,0,0,1,0
1309,確認,No,No,No,9,0.444,1,0,0,0,0,1,0
1310,設定,No,No,No,9,0.444,1,0,0,0,0,1,0
1311,削除,No,No,No,9,0.444,1,0,0,0,0,1,0
1312,設定,No,No,No,9,0.444,1,0,0,0,0,1,0
1313,削除,No,No,No,9,0.444,1,0,0,0,0,1,0
1314,共有,No,No,No,9,0.444,1,0,0,0,0,1,0
1315,設定,No,No,No,9,0.444,1,0,0,0,0,1,0
1316,削除,No,No,No,9,0.444,1,0,0,0,0,1,0
1317,削除,No,No,No,9,0.444,1,0,0,0,0,1,0
1318,確認,No,No,No,9,0.444,1,0,0,0,0,1,0
1319,削除,No,No,No,9,0.444,1,0,0,0,0,1,0
1320,認証,No,No,No,9,0.444,1,0,0,0,0,1,0
1321,設定,No,No,No,9,0.444,1,0,0,0,0,1,0
1322,監視,No,No,No,11,0.455,1,0,0,0,0,1,0
1323,監視,No,No,No,11,0.455,1,0,0,0,0,1,0
1324,認証,No,No,No,11,0.455,1,0,0,0,0,1,0
1325,認証,No,No,No,11,0.455,1,0,0,0,0,1,0
1326,監視,No,No,No,11,0.455,1,0,0,0,0,1,0
1327,認証,No,No,No,11,0.455,1,0,0,0,0,1,0
1328,復元,No,No,No,11,0.455,1,0,0,0,0,1,0
1329,復元,No,No,No,13,0.462,1,0,0,0,0,1,0
1330,監視,No,No,No,13,0.462,1,0,0,0,0,1,0
1331,設定,No,No,No,13,0.462,1,0,0,0,0,1,0
1332,確認,No,No,No,13,0.462,1,0,0,0,0,1,0
1333,監視,No,No,No,13,0.462,1,0,0,0,0,1,0
1334,監視,No,No,No,13,0.462,1,0,0,0,0,1,0
1335,削除,No,No,No,13,0.462,1,0,0,0,0,1,0
1336,確認,No,No,No,13,0.462,1,0,0,0,0,1,0
1337,確認,No,No,No,13,0.462,1,0,0,0,0,1,0
1338,設定,No,No,No,13,0.462,1,0,0,0,0,1,0
1339,認証,No,No,No,13,0.462,1,0,0,0,0,1,0
1340,設定,No,No,No,15,0.467,1,0,0,0,0,1,0
1341,監視,No,No,No,15,0.467,1,0,0,0,0,1,0
1342,確認,No,No,No,15,0.467,1,0,0,0,0,1,0
1343,削除,No,No,No,15,0.467,1,0,0,0,0,1,0
1344,監視,No,No,No,15,0.467,1,0,0,0,0,1,0
1345,監視,No,No,No,15,0.467,1,0,0,0,0,1,0
1346,確認,No,No,No,15,0.467,1,0,0,0,0,1,0
1347,認証,No,No,No,15,0.467,1,0,0,0,0,1,0
1348,追跡,No,No,No,15,0.467,1,0,0,0,0,1,0
1349,監視,No,No,No,15,0.467,1,0,0,0,0,1,0
1350,監視,No,No,No,15,0.467,1,0,0,0,0,1,0
1351,監視,No,No,No,15,0.467,1,0,0,0,0,1,0
1352,監視,No,No,No,15,0.467,1,0,0,0,0,1,0
1353,監視,No,No,No,15,0.467,1,0,0,0,0,1,0
1354,確認,No,No,No,15,0.467,1,0,0,0,0,1,0
1355,監視,No,No,No,15,0.467,1,0,0,0,0,1,0
1356,監視,No,No,No,15,0.467,1,0,0,0,0,1,0
1357,確認,No,No,No,15,0.467,1,0,0,0,0,1,0
1358,認証,No,No,No,15,0.467,1,0,0,0,0,1,0
1359,確認,No,No,No,15,0.467,1,0,0,0,0,1,0
1360,監視,No,No,No,12,0.5,1,0,0,0,0,1,0
1361,確認,No,No,No,12,0.5,1,0,0,0,0,1,0
1362,監視,No,No,No,12,0.5,1,0,0,0,0,1,0
1363,設定,No,No,No,12,0.5,1,0,0,0,0,1,0
1364,設定,No,No,No,12,0.5,1,0,0,0,0,1,0
1365,監視,No,No,No,12,0.5,1,0,0,0,0,1,0
1366,確認,No,No,No,12,0.5,1,0,0,0,0,1,0
1367,監視,No,No,No,12,0.5,1,0,0,0,0,1,0
1368,遮断,No,No,No,12,0.5,1,0,0,0,0,1,0
1369,監視,No,No,No,12,0.5,1,0,0,0,0,1,0
1370,監視,No,No,No,12,0.5,1,0,0,0,0,1,0
1371,監視,No,No,No,12,0.5,1,0,0,0,0,1,0
1372,遮断,No,No,No,12,0.5,1,0,0,0,0,1,0
1373,監視,No,No,No,9,0.444,0,0,0,0,0,0,0
1374,遮断,No,No,No,9,0.444,0,0,0,0,0,0,0
1375,監視,No,No,No,9,0.444,0,0,0,0,0,0,0
1376,監視,No,No,No,9,0.444,0,0,0,0,0,0,0
1377,追跡,No,No,No,9,0.444,0,0,0,0,0,0,0
1378,確認,No,No,No,9,0.444,0,0,0,0,0,0,0
1379,削除,No,No,No,9,0.444,0,0,0,0,0,0,0
1380,監視,No,No,No,9,0.444,0,0,0,0,0,0,0
1381,監視,No,No,No,9,0.444,0,0,0,0,0,0,0
1382,監視,No,No,No,9,0.444,0,0,0,0,0,0,0
1383,監視,No,No,No,9,0.444,0,0,0,0,0,0,0
1384,削除,No,No,No,9,0.444,0,0,0,0,0,0,0
1385,確認,No,No,No,9,0.444,0,0,0,0,0,0,0
1386,確認,No,No,No,9,0.444,0,0,0,0,0,0,0
1387,監視,No,No,No,9,0.444,0,0,0,0,0,0,0
1388,監視,No,No,No,9,0.444,0,0,0,0,0,0,0
1389,追跡,No,No,No,9,0.444,0,0,0,0,0,0,0
1390,追跡,No,No,No,9,0.444,0,0,0,0,0,0,0
1391,監視,No,No,No,9,0.444,0,0,0,0,0,0,0
1392,遮断,No,No,No,9,0.444,0,0,0,0,0,0,0
1393,監視,No,No,No,9,0.444,0,0,0,0,0,0,0
1394,監視,No,No,No,9,0.444,0,0,0,0,0,0,0
1395,遮断,No,No,No,9,0.444,0,0,0,0,0,0,0
1396,遮断,No,No,No,9,0.444,0,0,0,0,0,0,0
1397,設定,No,No,No,9,0.444,0,0,0,0,0,0,0
1398,監視,No,No,No,9,0.444,0,0,0,0,0,0,0
1399,確認,No,No,No,9,0.444,0,0,0,0,0,0,0
1400,確認,No,No,No,9,0.444,0,0,0,0,0,0,0
1401,認証,No,No,No,9,0.444,0,0,0,0,0,0,0
1402,監視,No,No,No,9,0.444,0,0,0,0,0,0,0
1403,認証,No,No,No,9,0.444,0,0,0,0,0,0,0
1404,認証,No,No,No,9,0.444,0,0,0,0,0,0,0
1405,確認,No,No,No,9,0.444,0,0,0,0,0,0,0
1406,確認,No,No,No,9,0.444,0,0,0,0,0,0,0
1407,設定,No,No,No,9,0.444,0,0,0,0,0,0,0
1408,確認,No,No,No,8,0.375,0,0,0,0,0,0,0
1409,設定,No,No,No,8,0.375,0,0,0,0,0,0,0
1410,設定,No,No,No,8,0.375,0,0,0,0,0,0,0
1411,設定,No,No,No,7,0.429,0,0,0,0,0,0,0
1412,確認,No,No,No,6,0.333,0,0,0,0,0,0,0
1413,確認,No,No,No,6,0.333,0,0,0,0,0,0,0
1414,監視,No,No,No,6,0.333,0,0,0,0,0,0,0
1415,確認,No,No,No,6,0.333,0,0,0,0,0,0,0
1416,許可,No,No,No,4,0.25,0,0,0,0,0,0,0
1417,確認,No,No,No,4,0.25,0,0,0,0,0,0,0
1418,確認,No,No,No,4,0.25,0,0,0,0,0,0,0
1419,設定,No,No,No,4,0.25,0,0,0,0,0,0,0
1420,確認,No,No,No,4,0.25,0,0,0,0,0,0,0
1421,設定,No,No,No,4,0.25,0,0,0,0,0,0,0
1422,設定,No,No,No,4,0.25,0,0,0,0,0,0,0
1423,確認,No,No,No,4,0.25,0,0,0,0,0,0,0
1424,確認,No,No,No,4,0.25,0,0,0,0,0,0,0
1425,設定,No,No,No,4,0.25,0,0,0,0,0,0,0
1426,確認,No,No,No,4,0.25,0,0,0,0,0,0,0
1427,設定,No,No,No,4,0.25,0,0,0,0,0,0,0
1428,確認,No,No,No,4,0.25,0,0,0,0,0,0,0
1429,設定,No,No,No,4,0.25,0,0,0,0,0,0,0
1430,共有,No,No,No,4,0.25,0,0,0,0,0,0,0
1431,設定,No,No,No,4,0.25,0,0,0,0,0,0,0
1432,設定,No,No,No,4,0.25,0,0,0,0,0,0,0
1433,確認,No,No,No,4,0.25,0,0,0,0,0,0,0
1434,設定,No,No,No,4,0.25,0,0,0,0,0,0,0
1435,共有,No,No,No,4,0.25,0,0,0,0,0,0,0
1436,確認,No,No,No,4,0.25,0,0,0,0,0,0,0
1437,確認,No,No,No,4,0.25,0,0,0,0,0,0,0
1438,監視,No,No,No,4,0.25,0,0,0,0,0,0,0
1439,監視,No,No,No,4,0.25,0,0,0,0,0,0,0
1440,認証,No,No,No,4,0.25,0,0,0,0,0,0,0
1441,確認,No,No,No,4,0.25,0,0,0,0,0,0,0
1442,監視,No,No,No,4,0.25,0,0,0,0,0,0,0
1443,削除,No,No,No,4,0.25,0,0,0,0,0,0,0
1444,削除,No,No,No,4,0.25,0,0,0,0,0,0,0
1445,削除,No,No,No,4,0.25,0,0,0,0,0,0,0
1446,設定,No,No,No,4,0.25,0,0,0,0,0,0,0
1447,遮断,No,No,No,4,0.25,0,0,0,0,0,0,0
1448,共有,No,No,No,4,0.25,0,0,0,0,0,0,0
1449,監視,No,No,No,4,0.25,0,0,0,0,0,0,0
1450,認証,No,No,No,4,0.25,0,0,0,0,0,0,0
1451,認証,No,No,No,4,0.25,0,0,0,0,0,0,0
1452,確認,No,No,No,4,0.25,0,0,0,0,0,0,0
1453,確認,No,No,No,4,0.25,0,0,0,0,0,0,0
1454,確認,No,No,No,4,0.25,0,0,0,0,0,0,0
1455,確認,No,No,No,4,0.25,0,0,0,0,0,0,0
1456,監視,No,No,No,4,0.25,0,0,0,0,0,0,0
1457,確認,No,No,No,4,0.25,0,0,0,0,0,0,0
1458,認証,No,No,No,4,0.25,0,0,0,0,0,0,0
1459,設定,No,No,No,4,0.25,0,0,0,0,0,0,0
1460,確認,No,No,No,4,0.25,0,0,0,0,0,0,0
1461,削除,No,No,No,4,0.25,0,0,0,0,0,0,0
1462,認証,No,No,No,4,0.25,0,0,0,0,0,0,0
1463,確認,No,No,No,4,0.25,0,0,0,0,0,0,0
1464,監視,No,No,No,4,0.25,0,0,0,0,0,0,0
1465,監視,No,No,No,3,0.333,0,0,0,0,0,0,0
1466,認証,No,No,No,2,0.0,0,0,0,0,0,0,0
1467,監視,No,No,No,2,0.0,0,0,0,0,0,0,0
1468,確認,No,No,No,2,0.0,0,0,0,0,0,0,0
1469,確認,No,No,No,3,0.333,0,0,0,0,0,0,0
1470,設定,No,No,No,3,0.333,0,0,0,0,0,0,0
1471,設定,No,No,No,3,0.333,0,0,0,0,0,0,0
1472,設定,No,No,No,3,0.333,0,0,0,0,0,0,0
1473,追跡,No,No,No,3,0.333,0,0,0,0,0,0,0
1474,削除,No,No,No,3,0.333,0,0,0,0,0,0,0
1475,削除,No,No,No,3,0.333,0,0,0,0,0,0,0
1476,削除,No,No,No,4,0.25,0,0,0,0,0,0,0
1477,監視,No,No,No,4,0.25,0,0,0,0,0,0,0
1478,設定,No,No,No,4,0.25,0,0,0,0,0,0,0
1479,設定,No,No,No,4,0.25,0,0,0,0,0,0,0
1480,確認,No,No,No,4,0.25,0,0,0,0,0,0,0
1481,確認,No,No,No,4,0.25,0,0,0,0,0,0,0
1482,確認,No,No,No,4,0.25,0,0,0,0,0,0,0
1483,確認,No,No,No,4,0.25,0,0,0,0,0,0,0
1484,確認,No,No,No,4,0.25,0,0,0,0,0,0,0
1485,確認,No,No,No,4,0.25,0,0,0,0,0,0,0
1486,確認,No,No,No,4,0.25,0,0,0,0,0,0,0
1487,確認,No,No,No,4,0.25,0,0,0,0,0,0,0
1488,監視,No,No,No,2,0.0,0,0,0,0,0,0,0
1489,監視,No,No,No,2,0.0,0,0,0,0,0,0,0
1490,確認,No,No,No,2,0.0,0,0,0,0,0,0,0
1491,監視,No,No,No,2,0.0,0,0,0,0,0,0,0
1492,確認,No,No,No,2,0.0,0,0,0,0,0,0,0
1493,許可,No,No,No,2,0.0,0,0,0,0,0,0,0
1494,確認,No,No,No,2,0.0,0,0,0,0,0,0,0
1495,設定,No,No,No,2,0.0,0,0,0,0,0,0,0
1496,監視,No,No,No,2,0.0,0,0,0,0,0,0,0
1497,追跡,No,No,No,2,0.0,0,0,0,0,0,0,0
1498,確認,No,No,No,2,0.0,0,0,0,0,0,0,0
1499,監視,No,No,No,2,0.0,0,0,0,0,0,0,0
1500,共有,No,No,No,2,0.0,0,0,0,0,0,0,0
1501,削除,No,No,No,2,0.0,0,0,0,0,0,0,0
1502,削除,No,No,No,2,0.0,0,0,0,0,0,0,0
1503,削除,No,No,No,2,0.0,0,0,0,0,0,0,0
1504,設定,No,No,No,2,0.0,0,0,0,0,0,0,0
1505,共有,No,No,No,2,0.0,0,0,0,0,0,0,0
1506,復元,No,No,No,2,0.0,0,0,0,0,0,0,0
1507,監視,No,No,No,2,0.0,0,0,0,0,0,0,0
1508,監視,No,No,No,2,0.0,0,0,0,0,0,0,0
1509,監視,No,No,No,2,0.0,0,0,0,0,0,0,0
1510,監視,No,No,No,2,0.0,0,0,0,0,0,0,0
1511,設定,No,No,No,2,0.0,0,0,0,0,0,0,0
1512,監視,No,No,No,2,0.0,0,0,0,0,0,0,0
1513,監視,No,No,No,2,0.0,0,0,0,0,0,0,0
1514,確認,No,No,No,2,0.0,0,0,0,0,0,0,0
1515,遮断,No,No,No,2,0.0,0,0,0,0,0,0,0
1516,共有,No,No,No,2,0.0,0,0,0,0,0,0,0
1517,監視,No,No,No,2,0.0,0,0,0,0,0,0,0
1518,許可,No,No,No,2,0.0,0,0,0,0,0,0,0
1519,追跡,No,No,No,2,0.0,0,0,0,0,0,0,0
1520,確認,No,No,No,2,0.0,0,0,0,0,0,0,0
1521,確認,No,No,No,2,0.0,0,0,0,0,0,0,0
1522,設定,No,No,No,2,0.0,0,0,0,0,0,0,0
1523,追跡,No,No,No,2,0.0,0,0,0,0,0,0,0
1524,追跡,No,No,No,2,0.0,0,0,0,0,0,0,0
1525,確認,No,No,No,2,0.0,0,0,0,0,0,0,0
1526,設定,No,No,No,2,0.0,0,0,0,0,0,0,0
1527,設定,No,No,No,2,0.0,0,0,0,0,0,0,0
1528,遮断,No,No,No,2,0.0,0,0,0,0,0,0,0
1529,削除,No,No,No,2,0.0,0,0,0,0,0,0,0
1530,確認,No,No,No,2,0.0,0,0,0,0,0,0,0
1531,確認,No,No,No,2,0.0,0,0,0,0,0,0,0
1532,監視,No,No,No,2,0.0,0,0,0,0,0,0,0
1533,確認,No,No,No,2,0.0,0,0,0,0,0,0,0
1534,監視,No,No,No,2,0.0,0,0,0,0,0,0,0
1535,削除,No,No,No,2,0.0,0,0,0,0,0,0,0
1536,設定,No,No,No,2,0.0,0,0,0,0,0,0,0
1537,確認,No,No,No,2,0.0,0,0,0,0,0,0,0
1538,削除,No,No,No,2,0.0,0,0,0,0,0,0,0
1539,削除,No,No,No,2,0.0,0,0,0,0,0,0,0
1540,遮断,No,No,No,2,0.0,0,0,0,0,0,0,0
1541,遮断,No,No,No,2,0.0,0,0,0,0,0,0,0
1542,監視,No,No,No,2,0.0,0,0,0,0,0,0,0
1543,共有,No,No,No,2,0.0,0,0,0,0,0,0,0
1544,共有,No,No,No,2,0.0,0,0,0,0,0,0,0
1545,削除,No,No,No,2,0.0,0,0,0,0,0,0,0
1546,監視,No,No,No,2,0.0,0,0,0,0,0,0,0
1547,確認,No,No,No,2,0.0,0,0,0,0,0,0,0
1548,監視,No,No,No,2,0.0,0,0,0,0,0,0,0
1549,遮断,No,No,No,2,0.0,0,0,0,0,0,0,0
1550,設定,No,No,No,2,0.0,0,0,0,0,0,0,0
1551,監視,No,No,No,2,0.0,0,0,0,0,0,0,0
1552,監視,No,No,No,2,0.0,0,0,0,0,0,0,0
1553,遮断,No,No,No,2,0.0,0,0,0,0,0,0,0
1554,遮断,No,No,No,2,0.0,0,0,0,0,0,0,0
1555,監視,No,No,No,2,0.0,0,0,0,0,0,0,0
1556,確認,No,No,No,2,0.0,0,0,0,0,0,0,0
1557,共有,No,No,No,2,0.0,0,0,0,0,0,0,0
1558,削除,No,No,No,2,0.0,0,0,0,0,0,0,0
1559,設定,No,No,No,2,0.0,0,0,0,0,0,0,0
1560,設定,No,No,No,2,0.0,0,0,0,0,0,0,0
1561,設定,No,No,No,2,0.0,0,0,0,0,0,0,0
1562,削除,No,No,No,2,0.0,0,0,0,0,0,0,0
1563,設定,No,No,No,2,0.0,0,0,0,0,0,0,0
1564,削除,No,No,No,2,0.0,0,0,0,0,0,0,0
1565,削除,No,No,No,2,0.0,0,0,0,0,0,0,0
1566,削除,No,No,No,2,0.0,0,0,0,0,0,0,0
1567,削除,No,No,No,2,0.0,0,0,0,0,0,0,0
1568,削除,No,No,No,2,0.0,0,0,0,0,0,0,0
1569,確認,No,No,No,2,0.0,0,0,0,0,0,0,0
1570,削除,No,No,No,2,0.0,0,0,0,0,0,0,0
1571,監視,No,No,No,2,0.0,0,0,0,0,0,0,0
1572,追跡,No,No,No,2,0.0,0,0,0,0,0,0,0
1573,追跡,No,No,No,2,0.0,0,0,0,0,0,0,0
1574,追跡,No,No,No,2,0.0,0,0,0,0,0,0,0
1575,許可,No,No,No,1,0.0,0,0,0,0,0,0,0
1576,追跡,No,No,No,1,0.0,0,0,0,0,0,0,0
1577,追跡,No,No,No,1,0.0,0,0,0,0,0,0,0
1578,追跡,No,No,No,1,0.0,0,0,0,0,0,0,0
1579,設定,No,No,No,1,0.0,0,0,0,0,0,0,0
1580,追跡,No,No,No,1,0.0,0,0,0,0,0,0,0
1581,追跡,No,No,No,3,0.0,25,0,0,0,0,0,25
1582,追跡,No,No,No,3,0.0,31,0,0,0,0,0,31
1583,追跡,No,No,No,3,0.0,31,0,0,0,0,0,31
1584,追跡,No,No,No,3,0.0,31,0,0,0,0,0,31
1585,遮断,No,No,No,3,0.0,32,0,0,0,0,0,32
1586,復元,No,No,No,3,0.0,32,0,0,0,0,0,32
1587,認証,No,No,No,3,0.0,51,0,0,0,0,0,51
1588,確認,No,No,No,3,0.0,51,0,0,0,0,0,51
1589,確認,No,No,No,3,0.0,51,0,0,0,0,0,51
1590,確認,No,No,No,3,0.0,51,0,0,0,0,0,51
1591,確認,No,No,No,3,0.0,51,0,0,0,0,0,51
1592,監視,No,No,No,5,0.4,51,0,0,0,0,0,51
1593,共有,No,No,No,5,0.4,51,0,0,0,0,0,51
1594,確認,No,No,No,5,0.4,51,0,0,0,0,0,51
1595,設定,No,No,No,5,0.4,51,0,0,0,0,0,51
1596,確認,No,No,No,5,0.4,51,0,0,0,0,0,51
1597,確認,No,No,No,5,0.4,51,0,0,0,0,0,51
1598,確認,No,No,No,3,0.667,155,0,0,0,0,0,155
1599,確認,No,No,No,4,0.5,158,0,0,0,0,0,158
1600,確認,No,No,No,4,0.5,158,0,0,0,0,0,158
1601,設定,No,No,No,4,0.5,158,0,0,0,0,0,158
1602,監視,No,No,No,4,0.5,158,0,0,0,0,0,158
1603,設定,No,No,No,4,0.5,158,0,0,0,0,0,158
1604,監視,No,No,No,4,0.5,158,0,0,0,0,0,158
1605,遮断,No,No,No,4,0.5,158,0,0,0,0,0,158
1606,確認,No,No,No,4,0.5,158,0,0,0,0,0,158
1607,監視,No,No,No,4,0.5,158,0,0,0,0,0,158
1608,設定,No,No,No,4,0.5,158,0,0,0,0,0,158
1609,追跡,No,No,No,4,0.5,155,0,0,0,0,0,155
1610,共有,No,No,No,2,0.5,107,0,0,0,0,0,107
1611,認証,No,No,No,2,0.5,107,0,0,0,0,0,107
1612,監視,No,No,No,2,0.5,107,0,0,0,0,0,107
1613,追跡,No,No,No,2,0.5,107,0,0,0,0,0,107
1614,遮断,No,No,No,2,0.5,107,0,0,0,0,0,107
1615,確認,No,No,No,3,0.667,18,0,0,0,0,0,18
1616,監視,No,No,No,8,0.5,0,0,0,0,0,0,0
1617,設定,No,No,No,8,0.5,0,0,0,0,0,0,0
1618,設定,No,No,No,8,0.5,0,0,0,0,0,0,0
1619,設定,No,No,No,8,0.5,0,0,0,0,0,0,0
1620,設定,No,No,No,8,0.5,0,0,0,0,0,0,0
1621,共有,No,No,No,6,0.333,0,0,0,0,0,0,0
1622,監視,No,No,No,8,0.375,0,0,0,0,0,0,0
1623,設定,No,No,No,8,0.375,0,0,0,0,0,0,0
1624,確認,No,No,No,8,0.375,0,0,0,0,0,0,0
1625,削除,No,No,No,8,0.375,0,0,0,0,0,0,0
1626,遮断,No,No,No,8,0.375,0,0,0,0,0,0,0
1627,監視,No,No,No,8,0.375,0,0,0,0,0,0,0
1628,確認,No,No,No,8,0.375,0,0,0,0,0,0,0
1629,監視,No,No,No,8,0.375,0,0,0,0,0,0,0
1630,確認,No,No,No,8,0.375,0,0,0,0,0,0,0
1631,確認,No,No,No,8,0.375,0,0,0,0,0,0,0
1632,監視,No,No,No,8,0.375,0,0,0,0,0,0,0
1633,設定,No,No,No,8,0.375,0,0,0,0,0,0,0
1634,設定,No,No,No,8,0.375,0,0,0,0,0,0,0
1635,設定,No,No,No,8,0.375,0,0,0,0,0,0,0
1636,確認,No,No,No,8,0.375,0,0,0,0,0,0,0
1637,削除,No,No,No,8,0.375,0,0,0,0,0,0,0
1638,遮断,No,No,No,8,0.375,0,0,0,0,0,0,0
1639,認証,No,No,No,8,0.375,0,0,0,0,0,0,0
1640,認証,No,No,No,8,0.375,0,0,0,0,0,0,0
1641,認証,No,No,No,8,0.375,0,0,0,0,0,0,0
1642,確認,No,No,No,8,0.375,0,0,0,0,0,0,0
1643,削除,No,No,No,8,0.375,0,0,0,0,0,0,0
1644,認証,No,No,No,8,0.375,0,0,0,0,0,0,0
1645,認証,No,No,No,8,0.375,0,0,0,0,0,0,0
1646,設定,No,No,No,8,0.375,0,0,0,0,0,0,0
1647,監視,No,No,No,8,0.375,0,0,0,0,0,0,0
1648,監視,No,No,No,8,0.375,0,0,0,0,0,0,0
1649,設定,No,No,No,8,0.375,0,0,0,0,0,0,0
1650,遮断,No,No,No,8,0.375,0,0,0,0,0,0,0
1651,遮断,No,No,No,8,0.375,0,0,0,0,0,0,0
1652,遮断,No,No,No,8,0.375,0,0,0,0,0,0,0
1653,遮断,No,No,No,8,0.375,0,0,0,0,0,0,0
1654,遮断,No,No,No,8,0.375,0,0,0,0,0,0,0
1655,遮断,No,No,No,8,0.375,0,0,0,0,0,0,0
1656,追跡,No,No,No,8,0.375,0,0,0,0,0,0,0
1657,監視,No,No,No,8,0.375,0,0,0,0,0,0,0
1658,遮断,No,No,No,8,0.375,0,0,0,0,0,0,0
1659,遮断,No,No,No,8,0.375,0,0,0,0,0,0,0
1660,遮断,No,No,No,8,0.375,0,0,0,0,0,0,0
1661,遮断,No,No,No,8,0.375,0,0,0,0,0,0,0
1662,共有,No,No,No,8,0.375,0,0,0,0,0,0,0
1663,設定,No,No,No,8,0.375,0,0,0,0,0,0,0
1664,設定,No,No,No,8,0.375,0,0,0,0,0,0,0
1665,追跡,No,No,No,10,0.3,0,0,0,0,0,0,0
1666,設定,No,No,No,10,0.3,0,0,0,0,0,0,0
1667,削除,No,No,No,10,0.3,0,0,0,0,0,0,0
1668,削除,No,No,No,10,0.3,0,0,0,0,0,0,0
1669,削除,No,No,No,12,0.333,3,0,3,0,0,0,0
1670,削除,No,No,No,12,0.333,3,0,3,0,0,0,0
1671,削除,No,No,No,12,0.333,3,0,3,0,0,0,0
1672,削除,No,No,No,12,0.333,3,0,3,0,0,0,0
1673,監視,No,No,No,12,0.333,3,0,3,0,0,0,0
1674,削除,No,No,No,12,0.333,3,0,3,0,0,0,0
1675,削除,No,No,No,12,0.333,3,0,3,0,0,0,0
1676,監視,No,No,No,12,0.333,3,0,3,0,0,0,0
1677,削除,No,No,No,12,0.333,3,0,3,0,0,0,0
1678,確認,No,No,No,12,0.333,3,0,3,0,0,0,0
1679,設定,No,No,No,12,0.333,3,0,3,0,0,0,0
1680,遮断,No,No,No,12,0.333,3,0,3,0,0,0,0
1681,設定,No,No,No,12,0.333,3,0,3,0,0,0,0
1682,削除,No,No,No,12,0.333,3,0,3,0,0,0,0
1683,削除,No,No,No,12,0.333,3,0,3,0,0,0,0
1684,確認,No,No,No,12,0.333,3,0,3,0,0,0,0
1685,共有,No,No,No,12,0.333,3,0,3,0,0,0,0
1686,削除,No,No,No,12,0.333,3,0,3,0,0,0,0
1687,遮断,No,No,No,12,0.333,3,0,3,0,0,0,0
1688,削除,No,No,No,12,0.333,3,0,3,0,0,0,0
1689,遮断,No,No,No,12,0.333,3,0,3,0,0,0,0
1690,確認,No,No,No,12,0.333,3,0,3,0,0,0,0
1691,設定,No,No,No,12,0.333,3,0,3,0,0,0,0
1692,遮断,No,No,No,12,0.333,3,0,3,0,0,0,0
1693,削除,No,No,No,12,0.333,3,0,3,0,0,0,0
1694,監視,No,No,No,12,0.333,3,0,3,0,0,0,0
1695,遮断,No,No,No,12,0.333,3,0,3,0,0,0,0
1696,設定,No,No,No,12,0.333,3,0,3,0,0,0,0
1697,確認,No,No,No,12,0.333,3,0,3,0,0,0,0
1698,削除,No,No,No,12,0.333,3,0,3,0,0,0,0
1699,削除,No,No,No,12,0.333,3,0,3,0,0,0,0
1700,削除,No,No,No,12,0.333,3,0,3,0,0,0,0
1701,確認,No,No,No,12,0.333,3,0,3,0,0,0,0
1702,削除,No,No,No,12,0.333,3,0,3,0,0,0,0
1703,確認,No,No,No,12,0.333,5,0,5,0,0,0,0
1704,確認,No,No,No,12,0.333,8,0,8,0,0,0,0
1705,確認,No,No,No,12,0.333,8,0,8,0,0,0,0
1706,確認,No,No,No,12,0.333,8,0,8,0,0,0,0
1707,確認,No,No,No,12,0.333,8,0,8,0,0,0,0
1708,確認,No,No,No,12,0.333,8,0,8,0,0,0,0
1709,確認,No,No,No,13,0.308,8,0,8,0,0,0,0
1710,設定,No,No,No,13,0.308,8,0,8,0,0,0,0
1711,確認,No,No,No,13,0.308,8,0,8,0,0,0,0
1712,確認,No,No,No,15,0.333,8,0,8,0,0,0,0
1713,確認,No,No,No,15,0.333,8,0,8,0,0,0,0
1714,確認,No,No,No,15,0.333,8,0,8,0,0,0,0
1715,確認,No,No,No,15,0.333,8,0,8,0,0,0,0
1716,監視,No,No,No,15,0.333,8,0,8,0,0,0,0
1717,確認,No,No,No,15,0.333,8,0,8,0,0,0,0
1718,設定,No,No,No,15,0.333,8,0,8,0,0,0,0
1719,確認,No,No,No,15,0.333,8,0,8,0,0,0,0
1720,確認,No,No,No,15,0.333,8,0,8,0,0,0,0
1721,監視,No,No,No,15,0.333,8,0,8,0,0,0,0
1722,確認,No,No,No,15,0.333,8,0,8,0,0,0,0
1723,共有,No,No,No,15,0.333,8,0,8,0,0,0,0
1724,確認,No,No,No,15,0.333,8,0,8,0,0,0,0
1725,監視,No,No,No,15,0.333,8,0,8,0,0,0,0
1726,確認,No,No,No,15,0.333,8,0,8,0,0,0,0
1727,共有,No,No,No,15,0.333,8,0,8,0,0,0,0
1728,追跡,No,No,No,15,0.333,8,0,8,0,0,0,0
1729,確認,No,No,No,15,0.333,8,0,8,0,0,0,0
1730,確認,No,No,No,15,0.333,8,0,8,0,0,0,0
1731,設定,No,No,No,15,0.333,8,0,8,0,0,0,0
1732,設定,No,No,No,15,0.333,8,0,8,0,0,0,0
1733,監視,No,No,No,15,0.333,8,0,8,0,0,0,0
1734,設定,No,No,No,15,0.333,8,0,8,0,0,0,0
1735,確認,No,No,No,15,0.333,8,0,8,0,0,0,0
1736,設定,No,No,No,15,0.333,8,0,8,0,0,0,0
1737,確認,No,No,No,15,0.333,8,0,8,0,0,0,0
1738,確認,No,No,No,15,0.333,8,0,8,0,0,0,0
1739,遮断,No,No,No,12,0.333,8,0,8,0,0,0,0
1740,遮断,No,No,No,12,0.333,8,0,8,0,0,0,0
1741,遮断,No,No,No,12,0.333,8,0,8,0,0,0,0
1742,遮断,No,No,No,12,0.333,8,0,8,0,0,0,0
1743,遮断,No,No,No,12,0.333,8,0,8,0,0,0,0
1744,確認,No,No,No,12,0.333,8,0,8,0,0,0,0
1745,遮断,No,No,No,12,0.333,8,0,8,0,0,0,0
1746,確認,No,No,No,12,0.333,8,0,8,0,0,0,0
1747,遮断,No,No,No,12,0.333,8,0,8,0,0,0,0
1748,遮断,No,No,No,12,0.333,8,0,8,0,0,0,0
1749,追跡,No,No,No,12,0.333,8,0,8,0,0,0,0
1750,設定,No,No,No,12,0.333,8,0,8,0,0,0,0
1751,確認,No,No,No,12,0.333,8,0,8,0,0,0,0
1752,共有,No,No,No,12,0.333,8,0,8,0,0,0,0
1753,共有,No,No,No,12,0.333,8,0,8,0,0,0,0
1754,遮断,No,No,No,12,0.333,8,0,8,0,0,0,0
1755,確認,No,No,No,12,0.333,8,0,8,0,0,0,0
1756,設定,No,No,No,12,0.333,8,0,8,0,0,0,0
1757,遮断,No,No,No,14,0.357,8,0,8,0,0,0,0
1758,共有,No,No,No,14,0.357,8,0,8,0,0,0,0
1759,確認,No,No,No,14,0.357,8,0,8,0,0,0,0
1760,設定,No,No,No,12,0.417,5,0,5,0,0,0,0
1761,共有,No,No,No,14,0.429,5,0,5,0,0,0,0
1762,共有,No,No,No,14,0.429,5,0,5,0,0,0,0
1763,共有,No,No,No,14,0.429,1,0,1,0,0,0,0
1764,共有,No,No,No,14,0.429,1,0,1,0,0,0,0
1765,共有,No,No,No,14,0.429,0,0,0,0,0,0,0
1766,共有,No,No,No,14,0.429,0,0,0,0,0,0,0
1767,確認,No,No,No,14,0.429,0,0,0,0,0,0,0
1768,確認,No,No,No,13,0.462,0,0,0,0,0,0,0
1769,設定,No,No,No,13,0.462,0,0,0,0,0,0,0
1770,共有,No,No,No,13,0.462,0,0,0,0,0,0,0
1771,設定,No,No,No,13,0.462,0,0,0,0,0,0,0
1772,確認,No,No,No,13,0.462,0,0,0,0,0,0,0
1773,設定,No,No,No,13,0.462,0,0,0,0,0,0,0
1774,確認,No,No,No,13,0.462,0,0,0,0,0,0,0
1775,設定,No,No,No,13,0.462,0,0,0,0,0,0,0
1776,設定,No,No,No,13,0.462,0,0,0,0,0,0,0
1777,設定,No,No,No,13,0.462,0,0,0,0,0,0,0
1778,設定,No,No,No,11,0.455,0,0,0,0,0,0,0
1779,設定,No,No,No,11,0.455,0,0,0,0,0,0,0
1780,設定,No,No,No,11,0.455,0,0,0,0,0,0,0
1781,設定,No,No,No,11,0.455,0,0,0,0,0,0,0
1782,設定,No,No,No,11,0.455,0,0,0,0,0,0,0
1783,設定,No,No,No,11,0.455,0,0,0,0,0,0,0
1784,設定,No,No,No,11,0.455,0,0,0,0,0,0,0
1785,設定,No,No,No,11,0.455,0,0,0,0,0,0,0
1786,設定,No,No,No,11,0.455,0,0,0,0,0,0,0
1787,設定,No,No,No,11,0.455,0,0,0,0,0,0,0
1788,設定,No,No,No,11,0.455,0,0,0,0,0,0,0
1789,設定,No,No,No,11,0.455,0,0,0,0,0,0,0
1790,設定,No,No,No,11,0.455,0,0,0,0,0,0,0
1791,設定,No,No,No,11,0.455,0,0,0,0,0,0,0
1792,設定,No,No,No,11,0.455,0,0,0,0,0,0,0
1793,設定,No,No,No,11,0.455,0,0,0,0,0,0,0
1794,設定,No,No,No,11,0.455,0,0,0,0,0,0,0
1795,設定,No,No,No,11,0.455,0,0,0,0,0,0,0
1796,確認,No,No,No,11,0.455,0,0,0,0,0,0,0
1797,設定,No,No,No,11,0.455,0,0,0,0,0,0,0
1798,設定,No,No,No,11,0.455,0,0,0,0,0,0,0
1799,設定,No,No,No,11,0.455,0,0,0,0,0,0,0
