file,hit_term,hit_start,window_len,has_seam_or_burst,whitespace_ratio,order_anomaly,proactive_event_tracker,triald,TRILogEvent,ABTest,variant,bucket
part3.zip:part3.txt,削除,33,30035,False,0.307,True,False,True,False,False,False,False
part3.zip:part3.txt,確認,1646,31648,False,0.3267,True,False,True,False,False,False,False
part3.zip:part3.txt,監視,1984,31986,False,0.3304,True,False,True,False,False,False,False
part3.zip:part3.txt,可能性,2035,32038,False,0.3308,True,False,True,False,False,False,False
part3.zip:part3.txt,確認,2128,32130,False,0.3316,True,False,True,False,False,False,False
part3.zip:part3.txt,可能性,2191,32194,False,0.3325,True,False,True,False,False,False,False
part3.zip:part3.txt,可能性,2285,32288,False,0.3333,True,False,True,False,False,False,False
part3.zip:part3.txt,アクセス,14453,44457,False,0.4184,True,False,True,False,False,False,False
part3.zip:part3.txt,監視,14477,44479,False,0.4183,True,False,True,False,False,False,False
part3.zip:part3.txt,確認,70744,60002,False,0.4717,True,False,True,False,False,False,False
part3.zip:part3.txt,アクセス,70926,60004,False,0.4701,True,False,True,False,False,False,False
part3.zip:part3.txt,同期,70961,60002,False,0.4696,True,False,True,False,False,False,False
part3.zip:part3.txt,監視,70976,60002,False,0.4694,True,False,True,False,False,False,False
part3.zip:part3.txt,確認,71024,60002,False,0.4687,True,False,True,False,False,False,False
part3.zip:part3.txt,アクセス,71467,60004,False,0.4641,True,False,True,False,False,False,False
part3.zip:part3.txt,監視,71582,60002,False,0.4631,True,False,True,False,False,False,False
part3.zip:part3.txt,削除,71674,60002,False,0.4617,True,False,True,False,False,False,False
part3.zip:part3.txt,アクセス,73516,60004,False,0.4428,True,False,True,False,False,False,False
part3.zip:part3.txt,同期,73558,60002,False,0.4428,True,False,True,False,False,False,False
part3.zip:part3.txt,位置情報,73883,60004,False,0.4392,True,False,True,False,False,False,False
part3.zip:part3.txt,同期,73961,60002,False,0.4384,True,False,True,False,False,False,False
part3.zip:part3.txt,監視,74134,60002,False,0.4367,True,False,True,False,False,False,False
part3.zip:part3.txt,監視,74283,60002,False,0.4353,True,False,True,False,False,False,False
part3.zip:part3.txt,確認,97116,60002,False,0.2392,True,False,True,False,False,False,False
part3.zip:part3.txt,確認,97223,60002,False,0.2385,True,False,True,False,False,False,False
part3.zip:part3.txt,確認,97604,60002,False,0.236,True,False,True,False,False,False,False
part3.zip:part3.txt,監視,97712,60002,False,0.2347,True,False,True,False,False,False,False
part3.zip:part3.txt,監視,97784,60002,False,0.2343,True,False,True,False,False,False,False
part3.zip:part3.txt,確認,97790,60002,False,0.2342,True,False,True,False,False,False,False
part3.zip:part3.txt,確認,98013,60002,False,0.2322,True,False,True,False,False,False,False
part3.zip:part3.txt,監視,98041,60002,False,0.2323,True,False,True,False,False,False,False
part3.zip:part3.txt,監視,98069,60002,False,0.232,True,False,True,False,False,False,False
part3.zip:part3.txt,同期,98106,60002,False,0.2316,True,False,True,False,False,False,False
part3.zip:part3.txt,監視,98207,60002,False,0.2311,True,False,True,False,False,False,False
part3.zip:part3.txt,確認,98240,60002,False,0.2307,True,False,True,False,False,False,False
part3.zip:part3.txt,可能性,99897,60003,False,0.2144,True,False,True,False,False,False,False
part3.zip:part3.txt,同期,100194,60002,False,0.2143,True,False,True,False,False,False,False
part3.zip:part3.txt,同期,100387,60002,False,0.2147,True,False,True,False,False,False,False
part3.zip:part3.txt,設定,100621,60002,False,0.2152,True,False,True,False,False,False,False
part3.zip:part3.txt,許可,100676,60002,False,0.2154,True,False,True,False,False,False,False
part3.zip:part3.txt,検証,100716,60002,False,0.2157,True,False,True,False,False,False,False
part3.zip:part3.txt,アクセス,100780,60004,False,0.2158,True,False,True,False,False,False,False
part3.zip:part3.txt,アクセス,100985,60004,False,0.216,True,False,True,False,False,False,False
part3.zip:part3.txt,同期,101012,60002,False,0.2159,True,False,True,False,False,False,False
part3.zip:part3.txt,可能性,101110,60003,False,0.2159,True,False,True,False,False,False,False
part3.zip:part3.txt,監視,101125,60002,False,0.2159,True,False,True,False,False,False,False
part3.zip:part3.txt,可能性,101150,60003,False,0.2159,True,False,True,False,False,False,False
part3.zip:part3.txt,同期,101176,60002,False,0.2159,True,False,True,False,False,False,False
part3.zip:part3.txt,可能性,101233,60003,False,0.2158,True,False,True,False,False,False,False
part3.zip:part3.txt,可能性,102266,60003,False,0.2158,True,False,True,False,False,False,False
part3.zip:part3.txt,監視,103178,60002,False,0.2167,True,False,True,False,False,False,False
part3.zip:part3.txt,可能性,103353,60003,False,0.2165,True,False,True,False,False,False,False
part3.zip:part3.txt,アクセス,103530,60004,False,0.2164,True,False,True,False,False,False,False
part3.zip:part3.txt,可能性,103620,60003,False,0.2163,True,False,True,False,False,False,False
part3.zip:part3.txt,可能性,103660,60003,False,0.2162,True,False,True,False,False,False,False
part3.zip:part3.txt,共有,104167,60002,False,0.2158,True,False,True,False,False,False,False
part3.zip:part3.txt,可能性,104189,60003,False,0.2158,True,False,True,False,False,False,False
part3.zip:part3.txt,可能性,104267,60003,False,0.2157,True,False,True,False,False,False,False
part3.zip:part3.txt,設定,104324,60002,False,0.2157,True,False,True,False,False,False,False
part3.zip:part3.txt,確認,106679,60002,False,0.2127,True,False,True,False,False,False,False
part3.zip:part3.txt,確認,106684,60002,False,0.2127,True,False,True,False,False,False,False
part3.zip:part3.txt,確認,109086,60002,False,0.2087,True,False,True,False,False,True,False
part3.zip:part3.txt,確認,109091,60002,False,0.2086,True,False,True,False,False,True,False
part3.zip:part3.txt,確認,112802,60002,False,0.192,True,False,True,False,False,True,False
part3.zip:part3.txt,確認,112807,60002,False,0.192,True,False,True,False,False,True,False
part3.zip:part3.txt,可能性,121255,60003,False,0.1328,True,False,True,False,False,True,False
part3.zip:part3.txt,確認,121351,60002,False,0.133,True,False,True,False,False,True,False
part3.zip:part3.txt,確認,122411,60002,False,0.1308,True,False,True,False,False,True,False
part3.zip:part3.txt,確認,122611,60002,False,0.1303,True,False,True,False,False,True,False
part3.zip:part3.txt,確認,125879,60002,False,0.1203,False,False,True,False,False,True,False
part3.zip:part3.txt,確認,126079,60002,False,0.1192,False,False,True,False,False,True,False
part3.zip:part3.txt,監視,132519,60002,False,0.1235,False,False,True,False,False,True,False
part3.zip:part3.txt,可能性,132631,60003,False,0.1235,False,False,True,False,False,True,False
part3.zip:part3.txt,可能性,132855,60003,False,0.1237,False,False,True,False,False,True,False
part3.zip:part3.txt,監視,133076,60002,False,0.1236,False,False,True,False,False,True,False
part3.zip:part3.txt,確認,135113,60002,False,0.1228,False,False,False,False,False,True,False
part3.zip:part3.txt,確認,135260,60002,False,0.1229,False,False,False,False,False,True,False
part3.zip:part3.txt,確認,137481,60002,False,0.1245,False,False,False,False,False,True,False
part3.zip:part3.txt,確認,139601,60002,False,0.1268,False,False,False,False,False,True,False
part3.zip:part3.txt,設定,142831,60002,False,0.1227,False,False,False,False,False,True,False
part3.zip:part3.txt,同期,143113,60002,False,0.1222,False,False,False,False,False,True,False
part3.zip:part3.txt,可能性,143138,60003,False,0.1222,False,False,False,False,False,True,False
part3.zip:part3.txt,設定,143149,60002,False,0.122,False,False,False,False,False,True,False
part3.zip:part3.txt,設定,143183,60002,False,0.1219,False,False,False,False,False,True,False
part3.zip:part3.txt,監視,143194,60002,False,0.1218,False,False,False,False,False,True,False
part3.zip:part3.txt,設定,143211,60002,False,0.1218,False,False,False,False,False,True,False
part3.zip:part3.txt,確認,144703,60002,False,0.1204,False,False,False,False,False,True,False
part3.zip:part3.txt,確認,148078,60002,False,0.1198,False,False,False,False,False,True,False
part3.zip:part3.txt,確認,156842,60002,False,0.1148,True,True,True,True,False,True,False
part3.zip:part3.txt,確認,159522,60002,False,0.1131,True,True,True,True,False,True,False
part3.zip:part3.txt,設定,181217,60002,False,0.1206,False,True,True,True,False,False,False
part3.zip:part3.txt,削除,181267,60002,False,0.1205,False,True,True,True,False,False,False
part3.zip:part3.txt,監視,181347,60002,False,0.1204,False,True,True,True,False,False,False
part3.zip:part3.txt,確認,183387,60002,False,0.12,False,True,True,True,False,False,False
part3.zip:part3.txt,確認,185312,60002,False,0.1224,False,True,True,True,False,False,False
part3.zip:part3.txt,許可,189090,60002,False,0.1266,True,True,True,True,False,False,False
part3.zip:part3.txt,可能性,189344,60003,False,0.1272,True,True,True,True,False,False,False
part3.zip:part3.txt,確認,190388,60002,False,0.1264,True,True,True,True,False,False,False
part3.zip:part3.txt,確認,192625,60002,False,0.1247,True,True,True,True,False,False,False
part3.zip:part3.txt,復元,196594,60002,False,0.1345,True,True,True,True,False,False,False
part3.zip:part3.txt,復元,198480,60002,False,0.1378,True,True,True,True,False,False,False
part3.zip:part3.txt,復元,200988,60002,False,0.1411,True,True,True,True,False,False,False
part3.zip:part3.txt,復元,203785,60002,False,0.1396,True,True,True,True,False,False,False
part3.zip:part3.txt,復元,204479,60002,False,0.143,True,True,True,True,False,False,False
part3.zip:part3.txt,確認,206314,60002,False,0.1475,True,True,True,True,False,False,False
part3.zip:part3.txt,確認,206394,60002,False,0.1475,True,True,True,True,False,False,False
part3.zip:part3.txt,確認,207619,60002,False,0.1526,True,True,True,True,False,False,False
part3.zip:part3.txt,確認,207858,60002,False,0.1536,True,True,True,True,False,False,False
part3.zip:part3.txt,確認,208386,60002,False,0.1553,True,True,True,True,False,False,False
part3.zip:part3.txt,確認,208466,60002,False,0.1558,True,True,True,True,False,False,False
part3.zip:part3.txt,確認,208945,60002,False,0.1563,True,True,True,True,False,False,False
part3.zip:part3.txt,確認,209188,60002,False,0.1563,True,True,True,True,False,False,False
part3.zip:part3.txt,確認,210172,60002,False,0.157,True,True,True,True,False,False,False
part3.zip:part3.txt,確認,210956,60002,False,0.1571,True,True,True,True,False,False,False
part3.zip:part3.txt,可能性,212332,60003,False,0.1567,True,True,True,True,False,False,False
part3.zip:part3.txt,削除,212427,60002,False,0.1567,True,True,True,True,False,False,False
part3.zip:part3.txt,確認,212476,60002,False,0.1567,True,True,True,True,False,False,False
part3.zip:part3.txt,確認,213520,60002,False,0.1568,True,True,True,True,False,False,False
part3.zip:part3.txt,確認,215648,60002,False,0.1564,True,True,True,True,False,False,False
part3.zip:part3.txt,復元,218887,60002,False,0.1506,True,False,True,True,False,False,True
part3.zip:part3.txt,復元,218917,60002,False,0.1505,True,False,True,True,False,False,True
part3.zip:part3.txt,確認,219622,60002,False,0.1491,True,False,True,True,False,False,True
part3.zip:part3.txt,通信,219744,60002,False,0.149,True,False,True,True,False,False,True
part3.zip:part3.txt,通信,219823,60002,False,0.1489,True,False,True,True,False,False,True
part3.zip:part3.txt,通信,219854,60002,False,0.1489,True,False,True,True,False,False,True
part3.zip:part3.txt,可能性,219875,60003,False,0.1488,True,False,True,True,False,False,True
part3.zip:part3.txt,通信,219999,60002,False,0.1488,True,False,True,True,False,False,True
part3.zip:part3.txt,通信,220156,60002,False,0.1487,True,False,True,True,False,False,True
part3.zip:part3.txt,確認,231580,60002,False,0.1192,True,False,True,True,False,False,True
part3.zip:part3.txt,確認,240021,60002,False,0.1013,True,False,True,False,False,False,True
part3.zip:part3.txt,通信,240286,60002,False,0.1012,True,False,True,False,False,False,True
part3.zip:part3.txt,通信,240433,60002,False,0.1013,True,False,True,False,False,False,True
part3.zip:part3.txt,追跡,240548,60002,False,0.1016,True,False,True,False,False,False,True
part3.zip:part3.txt,確認,242577,60002,False,0.1015,True,False,True,False,False,False,True
part3.zip:part3.txt,確認,242706,60002,False,0.1016,True,False,True,False,False,False,True
part3.zip:part3.txt,確認,244868,60002,False,0.101,True,False,True,False,False,False,True
part3.zip:part3.txt,確認,257484,60002,False,0.064,True,False,True,False,False,False,True
part3.zip:part3.txt,確認,270172,60002,False,0.0283,True,False,True,False,False,False,True
part3.zip:part3.txt,設定,270378,60002,False,0.0285,True,False,True,False,False,False,True
part3.zip:part3.txt,設定,271055,60002,False,0.0288,True,False,True,False,False,False,True
part3.zip:part3.txt,設定,271117,60002,False,0.0287,True,False,True,False,False,False,True
part3.zip:part3.txt,通信,271319,60002,False,0.0288,True,False,True,False,False,False,True
part3.zip:part3.txt,追跡,271567,60002,False,0.0289,True,False,True,False,False,False,True
part3.zip:part3.txt,確認,272762,60002,False,0.0297,True,False,True,False,False,False,True
part3.zip:part3.txt,可能性,272911,60003,False,0.0297,True,False,True,False,False,False,True
part3.zip:part3.txt,監視,273012,60002,False,0.0297,True,False,True,False,False,False,True
part3.zip:part3.txt,監視,274062,60002,False,0.031,True,False,True,False,False,False,True
part3.zip:part3.txt,可能性,274154,60003,False,0.0311,True,False,True,False,False,False,True
part3.zip:part3.txt,確認,274323,60002,False,0.0313,True,False,True,False,False,False,True
part3.zip:part3.txt,監視,274715,60002,False,0.0314,True,False,True,False,False,False,True
part3.zip:part3.txt,通信,274731,60002,False,0.0314,True,False,True,False,False,False,True
part3.zip:part3.txt,可能性,274854,60003,False,0.0315,True,False,True,False,False,False,True
part3.zip:part3.txt,削除,274927,60002,False,0.0314,True,False,True,False,False,False,True
part3.zip:part3.txt,確認,275122,60002,False,0.0312,True,False,True,False,False,False,True
part3.zip:part3.txt,可能性,275147,60003,False,0.0312,True,False,True,False,False,False,True
part3.zip:part3.txt,可能性,304130,60003,False,0.046,True,True,True,False,False,False,False
part3.zip:part3.txt,可能性,304202,60003,False,0.046,True,True,True,False,False,False,False
part3.zip:part3.txt,通信,317026,60002,False,0.0857,False,True,True,False,False,True,False
part3.zip:part3.txt,通信,317201,60002,False,0.086,False,True,True,False,False,True,False
part3.zip:part3.txt,検証,317625,60002,False,0.0874,False,True,True,False,False,True,False
part3.zip:part3.txt,認証,317672,60002,False,0.0877,False,True,True,False,False,True,False
part3.zip:part3.txt,可能性,317723,60003,False,0.0879,False,True,True,False,False,True,False
part3.zip:part3.txt,可能性,318098,60003,False,0.0904,False,True,True,False,False,True,False
part3.zip:part3.txt,可能性,318494,60003,False,0.0934,False,True,True,False,False,True,False
part3.zip:part3.txt,削除,328009,60002,False,0.1484,False,True,True,False,False,True,False
part3.zip:part3.txt,確認,329503,60002,False,0.1478,False,True,True,False,False,True,False
part3.zip:part3.txt,確認,329660,60002,False,0.148,False,True,True,False,False,True,False
part3.zip:part3.txt,確認,332179,60002,False,0.1464,False,True,True,False,False,True,False
part3.zip:part3.txt,確認,334176,60002,False,0.1497,False,True,True,False,False,True,False
part3.zip:part3.txt,確認,336325,60002,False,0.1502,False,True,True,False,False,True,False
part3.zip:part3.txt,通信,336480,60002,False,0.1504,False,True,True,False,False,True,False
part3.zip:part3.txt,確認,336815,60002,False,0.1509,False,True,True,False,False,True,False
part3.zip:part3.txt,確認,337965,60002,False,0.1523,False,True,True,False,False,True,False
part3.zip:part3.txt,確認,340147,60002,False,0.1558,False,True,True,False,False,True,False
part3.zip:part3.txt,確認,346738,60002,False,0.1637,False,True,True,False,False,True,False
part3.zip:part3.txt,設定,358844,60002,False,0.1707,False,True,True,False,False,True,False
part3.zip:part3.txt,通信,359290,60002,False,0.171,False,True,True,False,False,True,False
part3.zip:part3.txt,通信,359333,60002,False,0.171,False,True,True,False,False,True,False
part3.zip:part3.txt,監視,359571,60002,False,0.1708,False,True,True,False,False,True,False
part3.zip:part3.txt,可能性,359613,60003,False,0.1708,False,True,True,False,False,True,False
part3.zip:part3.txt,通信,359670,60002,False,0.1707,False,True,True,False,False,True,False
part3.zip:part3.txt,通信,360250,60002,False,0.1711,False,True,True,False,False,True,False
part3.zip:part3.txt,追跡,360268,60002,False,0.1711,False,True,True,False,False,True,False
part3.zip:part3.txt,可能性,360297,60003,False,0.1711,False,True,True,False,False,True,False
part3.zip:part3.txt,確認,361201,60002,False,0.171,False,True,True,False,False,True,False
part3.zip:part3.txt,監視,362074,60002,False,0.1707,False,True,True,False,False,True,False
part3.zip:part3.txt,追跡,362129,60002,False,0.1706,False,True,True,False,False,True,False
part3.zip:part3.txt,監視,362568,60002,False,0.1709,False,True,True,False,False,True,False
part3.zip:part3.txt,可能性,362763,60003,False,0.171,False,True,True,False,False,True,False
part3.zip:part3.txt,確認,363117,60002,False,0.171,False,True,True,False,False,True,False
part3.zip:part3.txt,通信,363322,60002,False,0.1712,False,True,True,False,False,True,False
part3.zip:part3.txt,確認,363723,60002,False,0.1712,False,True,True,False,False,True,False
part3.zip:part3.txt,退避,364135,60002,False,0.1709,False,True,True,False,False,True,False
part3.zip:part3.txt,設定,364229,60002,False,0.1708,False,True,True,False,False,True,False
part3.zip:part3.txt,監視,366172,60002,False,0.1718,False,True,True,False,False,True,False
part3.zip:part3.txt,可能性,366208,60003,False,0.1718,False,True,True,False,False,True,False
part3.zip:part3.txt,可能性,366547,60003,False,0.1718,False,True,True,False,False,True,False
part3.zip:part3.txt,可能性,366926,60003,False,0.1718,False,True,True,False,False,True,False
part3.zip:part3.txt,監視,366965,60002,False,0.1718,False,True,True,False,False,True,False
part3.zip:part3.txt,可能性,367004,60003,False,0.1718,False,True,True,False,False,True,False
part3.zip:part3.txt,通信,369101,60002,False,0.1724,False,True,True,False,False,True,False
part3.zip:part3.txt,通信,369295,60002,False,0.1724,False,True,True,False,False,True,False
part3.zip:part3.txt,監視,369461,60002,False,0.1723,False,True,True,False,False,True,False
part3.zip:part3.txt,追跡,369473,60002,False,0.1723,False,True,True,False,False,True,False
part3.zip:part3.txt,監視,369910,60002,False,0.1724,False,True,True,False,False,True,False
part3.zip:part3.txt,可能性,369942,60003,False,0.1724,False,True,True,False,False,True,False
part3.zip:part3.txt,通信,369956,60002,False,0.1724,False,True,True,False,False,True,False
part3.zip:part3.txt,通信,370345,60002,False,0.1721,False,True,True,False,False,True,False
part3.zip:part3.txt,通信,370456,60002,False,0.1721,False,True,True,False,False,True,False
part3.zip:part3.txt,通信,390282,60002,False,0.084,True,True,True,False,False,True,False
part3.zip:part3.txt,通信,390378,60002,False,0.084,True,True,True,False,False,True,False
part3.zip:part3.txt,通信,390497,60002,False,0.084,True,True,True,False,False,True,False
part3.zip:part3.txt,通信,390608,60002,False,0.0839,True,True,True,False,False,True,False
part3.zip:part3.txt,通信,390688,60002,False,0.0838,True,True,True,False,False,True,False
part3.zip:part3.txt,通信,390703,60002,False,0.0838,True,True,True,False,False,True,False
part3.zip:part3.txt,通信,392601,60002,False,0.0815,True,True,True,False,False,True,False
part3.zip:part3.txt,削除,392638,60002,False,0.0814,True,True,True,False,False,True,False
part3.zip:part3.txt,通信,392698,60002,False,0.0813,True,False,True,False,False,True,False
part3.zip:part3.txt,通信,392764,60002,False,0.0812,True,False,True,False,False,True,False
part3.zip:part3.txt,通信,392816,60002,False,0.0812,True,False,True,False,False,True,False
part3.zip:part3.txt,設定,394605,60002,False,0.0792,True,False,True,False,False,True,False
part3.zip:part3.txt,確認,394693,60002,False,0.0793,True,False,True,False,False,True,False
part3.zip:part3.txt,設定,396996,60002,False,0.0804,True,False,True,False,False,True,False
part3.zip:part3.txt,確認,397096,60002,False,0.0804,True,False,True,False,False,True,False
part3.zip:part3.txt,設定,398635,60002,False,0.0795,True,False,True,False,False,True,False
part3.zip:part3.txt,確認,398735,60002,False,0.0795,True,False,True,False,False,True,False
part3.zip:part3.txt,検証,406954,60002,False,0.0678,True,False,False,False,False,True,False
part3.zip:part3.txt,検証,407470,60002,False,0.0675,True,False,False,False,False,True,False
part3.zip:part3.txt,可能性,407613,60003,False,0.0674,True,False,False,False,False,True,False
part3.zip:part3.txt,通信,407671,60002,False,0.0674,True,False,False,False,False,True,False
part3.zip:part3.txt,遮断,407673,60002,False,0.0674,True,False,False,False,False,True,False
part3.zip:part3.txt,通信,407861,60002,False,0.0672,True,False,False,False,False,True,False
part3.zip:part3.txt,通信,407916,60002,False,0.0672,True,False,False,False,False,True,False
part3.zip:part3.txt,可能性,407930,60003,False,0.0672,True,False,False,False,False,True,False
part3.zip:part3.txt,通信,408196,60002,False,0.0668,True,False,False,False,False,True,False
part3.zip:part3.txt,削除,408213,60002,False,0.0667,True,False,False,False,False,True,False
part3.zip:part3.txt,通信,408262,60002,False,0.0667,True,False,False,False,False,True,False
part3.zip:part3.txt,遮断,408265,60002,False,0.0667,True,False,False,False,False,True,False
part3.zip:part3.txt,設定,410072,60002,False,0.0642,True,False,False,False,False,True,False
part3.zip:part3.txt,確認,410162,60002,False,0.064,True,False,False,False,False,True,False
part3.zip:part3.txt,設定,412483,60002,False,0.0608,True,False,False,False,False,True,False
part3.zip:part3.txt,確認,412578,60002,False,0.0607,True,False,False,False,False,True,False
part3.zip:part3.txt,設定,414134,60002,False,0.0582,True,False,False,False,False,True,False
part3.zip:part3.txt,確認,414229,60002,False,0.0581,True,False,False,False,False,True,False
part3.zip:part3.txt,確認,416187,60002,False,0.0538,True,False,False,False,False,True,False
part3.zip:part3.txt,確認,416294,60002,False,0.0536,True,False,False,False,False,True,False
part3.zip:part3.txt,確認,418654,60002,False,0.0522,True,False,False,False,False,False,False
part3.zip:part3.txt,確認,418761,60002,False,0.0518,True,False,False,False,False,False,False
part3.zip:part3.txt,通信,422428,60002,False,0.0471,True,False,False,False,False,False,False
part3.zip:part3.txt,設定,422770,60002,False,0.0464,True,False,False,False,False,False,False
part3.zip:part3.txt,設定,423189,60002,False,0.046,True,False,False,False,False,False,False
part3.zip:part3.txt,通信,423192,60002,False,0.0459,True,False,False,False,False,False,False
part3.zip:part3.txt,追跡,423395,60002,False,0.0458,True,False,False,False,False,False,False
part3.zip:part3.txt,削除,423409,60002,False,0.0458,True,False,False,False,False,False,False
part3.zip:part3.txt,通信,423482,60002,False,0.0457,True,False,False,False,False,False,False
part3.zip:part3.txt,設定,423608,60002,False,0.0455,True,False,False,False,False,False,False
part3.zip:part3.txt,位置情報,423626,60004,False,0.0455,True,False,False,False,False,False,False
part3.zip:part3.txt,確認,424768,60002,False,0.044,True,False,False,False,False,False,False
part3.zip:part3.txt,可能性,424917,60003,False,0.0437,True,False,False,False,False,False,False
part3.zip:part3.txt,監視,425018,60002,False,0.0436,True,False,False,False,False,False,False
part3.zip:part3.txt,監視,426305,60002,False,0.0421,True,False,False,False,False,False,False
part3.zip:part3.txt,監視,426563,60002,False,0.0418,True,False,False,False,False,False,False
part3.zip:part3.txt,削除,426902,60002,False,0.0415,True,False,False,False,False,False,False
part3.zip:part3.txt,追跡,446234,60002,False,0.045,True,False,False,False,False,False,False
part3.zip:part3.txt,監視,446257,60002,False,0.045,True,False,False,False,False,False,False
part3.zip:part3.txt,追跡,446429,60002,False,0.0451,True,False,False,False,False,False,False
part3.zip:part3.txt,監視,446788,60002,False,0.0452,True,False,False,False,False,False,False
part3.zip:part3.txt,位置情報,447062,60004,False,0.0454,True,False,False,False,False,False,False
part3.zip:part3.txt,監視,447072,60002,False,0.0454,True,False,False,False,False,False,False
part3.zip:part3.txt,通信,447201,60002,False,0.0454,True,False,False,False,False,False,False
part3.zip:part3.txt,通信,447348,60002,False,0.0454,True,False,False,False,False,False,False
part3.zip:part3.txt,監視,447457,60002,False,0.0454,True,False,False,False,False,False,False
part3.zip:part3.txt,可能性,447526,60003,False,0.0455,True,False,False,False,False,False,False
part3.zip:part3.txt,可能性,447620,60003,False,0.0456,True,False,False,False,False,False,False
part3.zip:part3.txt,可能性,447742,60003,False,0.0458,True,False,False,False,False,False,False
part3.zip:part3.txt,削除,448110,60002,False,0.0462,True,False,False,False,False,False,False
part3.zip:part3.txt,遮断,460909,60002,False,0.0504,False,False,False,False,False,False,False
part3.zip:part3.txt,通信,461554,60002,False,0.0511,False,False,False,False,False,False,False
part3.zip:part3.txt,検証,461843,60002,False,0.0515,False,False,False,False,False,False,False
part3.zip:part3.txt,同期,461853,60002,False,0.0515,False,False,False,False,False,False,False
part3.zip:part3.txt,可能性,461928,60003,False,0.0515,False,False,False,False,False,False,False
part3.zip:part3.txt,通信,462293,60002,False,0.0519,False,False,False,False,False,False,False
part3.zip:part3.txt,可能性,462318,60003,False,0.0519,False,False,False,False,False,False,False
part3.zip:part3.txt,削除,462646,60002,False,0.0523,False,False,False,False,False,False,False
part3.zip:part3.txt,追跡,462831,60002,False,0.0525,False,False,False,False,False,False,False
part3.zip:part3.txt,通信,462891,60002,False,0.0526,False,False,False,False,False,False,False
part3.zip:part3.txt,確認,465047,60002,False,0.0554,False,False,False,False,False,False,False
part3.zip:part3.txt,確認,467435,60002,False,0.0579,False,False,False,False,False,False,False
part3.zip:part3.txt,確認,469126,60002,False,0.0598,False,False,False,False,False,False,False
part3.zip:part3.txt,確認,471011,60002,False,0.0623,False,False,False,False,False,False,False
part3.zip:part3.txt,通信,471269,60002,False,0.063,False,False,False,False,False,False,False
part3.zip:part3.txt,通信,471295,60002,False,0.063,False,False,False,False,False,False,False
part3.zip:part3.txt,アクセス,471323,60004,False,0.063,False,False,False,False,False,False,False
part3.zip:part3.txt,通信,471343,60002,False,0.063,False,False,False,False,False,False,False
part3.zip:part3.txt,可能性,471371,60003,False,0.063,False,False,False,False,False,False,False
part3.zip:part3.txt,検証,471447,60002,False,0.0631,False,False,False,False,False,False,False
part3.zip:part3.txt,通信,471463,60002,False,0.0631,False,False,False,False,False,False,False
part3.zip:part3.txt,検証,471487,60002,False,0.0631,False,False,False,False,False,False,False
part3.zip:part3.txt,通信,471496,60002,False,0.0631,False,False,False,False,False,False,False
part3.zip:part3.txt,通信,471531,60002,False,0.0631,False,False,False,False,False,False,False
part3.zip:part3.txt,可能性,471562,60003,False,0.0631,False,False,False,False,False,False,False
part3.zip:part3.txt,設定,471708,60002,False,0.0634,False,False,False,False,False,False,False
part3.zip:part3.txt,監視,471733,60002,False,0.0634,False,False,False,False,False,False,False
part3.zip:part3.txt,可能性,471890,60003,False,0.0635,False,False,False,False,False,False,False
part3.zip:part3.txt,通信,472412,60002,False,0.0638,False,False,False,False,False,False,False
part3.zip:part3.txt,遮断,472415,60002,False,0.0638,False,False,False,False,False,False,False
part3.zip:part3.txt,可能性,472715,60003,False,0.0641,False,False,False,False,False,False,False
part3.zip:part3.txt,監視,472802,60002,False,0.0642,False,False,False,False,False,False,False
part3.zip:part3.txt,可能性,473373,60003,False,0.0649,False,False,False,False,False,False,False
part3.zip:part3.txt,通信,475446,60002,False,0.0673,False,False,False,False,False,False,False
part3.zip:part3.txt,可能性,475781,60003,False,0.0672,False,False,False,False,False,False,False
part3.zip:part3.txt,通信,475986,60002,False,0.0673,False,False,False,False,False,False,False
part3.zip:part3.txt,通信,476431,60002,False,0.0674,False,False,False,False,False,False,False
part3.zip:part3.txt,確認,482869,60002,False,0.0715,False,False,False,False,False,False,False
part3.zip:part3.txt,確認,482992,60002,False,0.0717,False,False,False,False,False,False,False
part3.zip:part3.txt,遮断,483006,60002,False,0.0717,False,False,False,False,False,False,False
part3.zip:part3.txt,通信,483051,60002,False,0.0717,False,False,False,False,False,False,False
part3.zip:part3.txt,確認,483055,60002,False,0.0717,False,False,False,False,False,False,False
part3.zip:part3.txt,確認,489337,60002,False,0.0794,False,False,False,False,False,False,False
part3.zip:part3.txt,確認,489437,60002,False,0.0795,False,False,False,False,False,False,False
part3.zip:part3.txt,確認,490681,60002,False,0.081,False,False,False,False,False,False,False
part3.zip:part3.txt,確認,490781,60002,False,0.0812,False,False,False,False,False,False,False
part3.zip:part3.txt,確認,492348,60002,False,0.0797,False,False,False,False,False,False,False
part3.zip:part3.txt,可能性,506121,60003,False,0.0713,True,False,False,False,False,False,False
part3.zip:part3.txt,アクセス,506569,60004,False,0.0709,True,False,False,False,False,False,False
part3.zip:part3.txt,確認,506632,60002,False,0.0709,True,False,False,False,False,False,False
part3.zip:part3.txt,退避,508839,60002,False,0.0698,True,False,False,False,False,False,False
part3.zip:part3.txt,可能性,508954,60003,False,0.0696,True,False,False,False,False,False,False
part3.zip:part3.txt,通信,508966,60002,False,0.0696,True,False,False,False,False,False,False
part3.zip:part3.txt,遮断,510355,60002,False,0.0674,True,False,False,False,False,False,False
part3.zip:part3.txt,遮断,510433,60002,False,0.0674,True,False,False,False,False,False,False
part3.zip:part3.txt,可能性,510527,60003,False,0.0674,True,False,False,False,False,False,False
part3.zip:part3.txt,遮断,510572,60002,False,0.0674,True,False,False,False,False,False,False
part3.zip:part3.txt,遮断,510659,60002,False,0.0674,True,False,False,False,False,False,False
part3.zip:part3.txt,監視,510662,60002,False,0.0674,True,False,False,False,False,False,False
part3.zip:part3.txt,追跡,510665,60002,False,0.0674,True,False,False,False,False,False,False
part3.zip:part3.txt,設定,533335,60002,False,0.0772,True,False,False,False,False,False,False
part3.zip:part3.txt,設定,533403,60002,False,0.0773,True,False,False,False,False,False,False
part3.zip:part3.txt,監視,534089,60002,False,0.077,True,False,False,False,False,False,False
part3.zip:part3.txt,可能性,534113,60003,False,0.077,True,False,False,False,False,False,False
part3.zip:part3.txt,追跡,534369,60002,False,0.0774,True,False,False,False,False,False,False
part3.zip:part3.txt,可能性,534444,60003,False,0.0774,True,False,False,False,False,False,False
part3.zip:part3.txt,通信,549243,60002,False,0.0834,True,False,False,False,False,False,False
part3.zip:part3.txt,通信,549263,60002,False,0.0834,True,False,False,False,False,False,False
part3.zip:part3.txt,遮断,549271,60002,False,0.0834,True,False,False,False,False,False,False
part3.zip:part3.txt,可能性,549285,60003,False,0.0834,True,False,False,False,False,False,False
part3.zip:part3.txt,監視,549481,60002,False,0.0833,True,False,False,False,False,False,False
part3.zip:part3.txt,可能性,549768,60003,False,0.0834,True,False,False,False,False,False,False
part3.zip:part3.txt,通信,550198,60002,False,0.0839,True,False,False,False,False,False,False
part3.zip:part3.txt,設定,550201,60002,False,0.0839,True,False,False,False,False,False,False
part3.zip:part3.txt,通信,550220,60002,False,0.0839,True,False,False,False,False,False,False
part3.zip:part3.txt,可能性,550287,60003,False,0.0839,True,False,False,False,False,False,False
part3.zip:part3.txt,可能性,568214,60003,False,0.0821,True,False,False,False,False,False,False
part3.zip:part3.txt,可能性,568801,60003,False,0.0827,True,False,False,False,False,False,False
part3.zip:part3.txt,監視,568844,60002,False,0.0829,True,False,False,False,False,False,False
part3.zip:part3.txt,確認,568962,60002,False,0.0832,True,False,False,False,False,False,False
part3.zip:part3.txt,確認,579885,60002,False,0.0883,True,False,False,False,False,False,False
part3.zip:part3.txt,確認,582362,60002,False,0.0851,True,False,False,False,False,False,False
part3.zip:part3.txt,設定,586716,60002,False,0.0848,True,False,False,False,False,False,False
part3.zip:part3.txt,確認,588890,60002,False,0.0799,True,False,False,False,False,False,False
part3.zip:part3.txt,確認,590049,60002,False,0.0782,True,False,False,False,False,False,False
part3.zip:part3.txt,確認,592483,60002,False,0.0749,True,False,False,False,False,False,False
part3.zip:part3.txt,確認,595986,60002,False,0.0705,True,False,False,False,False,False,False
part3.zip:part3.txt,確認,596016,60002,False,0.0704,True,False,False,False,False,False,False
part3.zip:part3.txt,通信,596098,60002,False,0.0702,True,False,False,False,False,False,False
part3.zip:part3.txt,設定,596133,60002,False,0.0702,True,False,False,False,False,False,False
part3.zip:part3.txt,可能性,596177,60003,False,0.0701,True,False,False,False,False,False,False
part3.zip:part3.txt,設定,613392,60002,False,0.0702,False,False,False,False,False,False,False
part3.zip:part3.txt,アクセス,613430,60004,False,0.0702,False,False,False,False,False,False,False
part3.zip:part3.txt,可能性,613447,60003,False,0.0702,False,False,False,False,False,False,False
part3.zip:part3.txt,通信,613519,60002,False,0.0703,False,False,False,False,False,False,False
part3.zip:part3.txt,通信,613604,60002,False,0.0703,False,False,False,False,False,False,False
part3.zip:part3.txt,通信,613662,60002,False,0.0703,False,False,False,False,False,False,False
part3.zip:part3.txt,確認,615000,60002,False,0.0719,False,False,False,False,False,False,False
part3.zip:part3.txt,可能性,620642,60003,False,0.0706,False,False,False,False,False,False,False
part3.zip:part3.txt,可能性,620869,60003,False,0.0706,False,False,False,False,False,False,False
part3.zip:part3.txt,可能性,620958,60003,False,0.0707,False,False,False,False,False,False,False
part3.zip:part3.txt,確認,621059,60002,False,0.0707,False,False,False,False,False,False,False
part3.zip:part3.txt,確認,621107,60002,False,0.0707,False,False,False,False,False,False,False
part3.zip:part3.txt,確認,621262,60002,False,0.0708,False,False,False,False,False,False,False
part3.zip:part3.txt,確認,621362,60002,False,0.0708,False,False,False,False,False,False,False
part3.zip:part3.txt,確認,621404,60002,False,0.0708,False,False,False,False,False,False,False
part3.zip:part3.txt,確認,623769,60002,False,0.0735,False,False,False,False,False,False,False
part3.zip:part3.txt,アクセス,623951,60004,False,0.0735,False,False,False,False,False,False,False
part3.zip:part3.txt,復元,624136,60002,False,0.0735,False,False,False,False,False,False,False
part3.zip:part3.txt,可能性,624245,60003,False,0.0735,False,False,False,False,False,False,False
part3.zip:part3.txt,可能性,624305,60003,False,0.0736,False,False,False,False,False,False,False
part3.zip:part3.txt,確認,624374,60002,False,0.0737,False,False,False,False,False,False,False
part3.zip:part3.txt,アクセス,624394,60004,False,0.0737,False,False,False,False,False,False,False
part3.zip:part3.txt,確認,624425,60002,False,0.0737,False,False,False,False,False,False,False
part3.zip:part3.txt,可能性,624537,60003,False,0.0739,False,False,False,False,False,False,False
part3.zip:part3.txt,アクセス,624587,60004,False,0.074,False,False,False,False,False,False,False
part3.zip:part3.txt,可能性,632413,60003,False,0.0945,False,False,False,False,False,False,False
part3.zip:part3.txt,削除,632490,60002,False,0.0947,False,False,False,False,False,False,False
part3.zip:part3.txt,削除,632527,60002,False,0.0948,False,False,False,False,False,False,False
part3.zip:part3.txt,削除,632551,60002,False,0.0949,False,False,False,False,False,False,False
part3.zip:part3.txt,削除,632596,60002,False,0.0952,False,False,False,False,False,False,False
part3.zip:part3.txt,同期,632614,60002,False,0.0953,False,False,False,False,False,False,False
part3.zip:part3.txt,削除,632644,60002,False,0.0953,False,False,False,False,False,False,False
part3.zip:part3.txt,削除,632702,60002,False,0.0954,False,False,False,False,False,False,False
part3.zip:part3.txt,削除,632798,60002,False,0.0957,False,False,False,False,False,False,False
part3.zip:part3.txt,確認,632931,60002,False,0.0963,False,False,False,False,False,False,False
part3.zip:part3.txt,削除,633044,60002,False,0.0967,False,False,False,False,False,False,False
part3.zip:part3.txt,削除,633102,60002,False,0.0967,False,False,False,False,False,False,False
part3.zip:part3.txt,監視,635643,60002,False,0.0968,False,False,False,False,False,False,False
part3.zip:part3.txt,削除,635898,60002,False,0.0965,False,False,False,False,False,False,False
part3.zip:part3.txt,確認,636104,60002,False,0.0963,False,False,False,False,False,False,False
part3.zip:part3.txt,確認,636206,60002,False,0.0962,False,False,False,False,False,False,False
part3.zip:part3.txt,位置情報,640322,60004,False,0.0925,False,False,False,False,False,False,False
part3.zip:part3.txt,通信,640334,60002,False,0.0925,False,False,False,False,False,False,False
part3.zip:part3.txt,監視,640338,60002,False,0.0925,False,False,False,False,False,False,False
part3.zip:part3.txt,設定,640593,60002,False,0.0924,False,False,False,False,False,False,False
part3.zip:part3.txt,アクセス,640606,60004,False,0.0924,False,False,False,False,False,False,False
part3.zip:part3.txt,可能性,640613,60003,False,0.0924,False,False,False,False,False,False,False
part3.zip:part3.txt,設定,641366,60002,False,0.0918,False,False,False,False,False,False,False
part3.zip:part3.txt,確認,641422,60002,False,0.0918,False,False,False,False,False,False,False
part3.zip:part3.txt,削除,641435,60002,False,0.0918,False,False,False,False,False,False,False
part3.zip:part3.txt,確認,664008,60002,False,0.0653,False,False,False,False,False,False,False
part3.zip:part3.txt,可能性,664277,60003,False,0.065,False,False,False,False,False,False,False
part3.zip:part3.txt,通信,664352,60002,False,0.0648,False,False,False,False,False,False,False
part3.zip:part3.txt,確認,734015,60002,False,0.0386,False,False,False,False,False,False,False
part3.zip:part3.txt,監視,734281,60002,False,0.0386,False,False,False,False,False,False,False
part3.zip:part3.txt,監視,734292,60002,False,0.0386,False,False,False,False,False,False,False
part3.zip:part3.txt,可能性,734295,60003,False,0.0386,False,False,False,False,False,False,False
part3.zip:part3.txt,位置情報,734359,60004,False,0.0386,False,False,False,False,False,False,False
part3.zip:part3.txt,監視,734466,60002,False,0.0386,False,False,False,False,False,False,False
part3.zip:part3.txt,監視,776049,60002,False,0.0821,False,False,False,False,False,False,False
part3.zip:part3.txt,監視,776060,60002,False,0.0821,False,False,False,False,False,False,False
part3.zip:part3.txt,位置情報,776195,60004,False,0.0824,False,False,False,False,False,False,False
part3.zip:part3.txt,可能性,776472,60003,False,0.083,False,False,False,False,False,False,False
part3.zip:part3.txt,監視,776519,60002,False,0.0831,False,False,False,False,False,False,False
part3.zip:part3.txt,可能性,776533,60003,False,0.0831,False,False,False,False,False,False,False
part3.zip:part3.txt,監視,784918,60002,False,0.0969,False,False,False,False,False,False,False
part3.zip:part3.txt,可能性,784970,60003,False,0.097,False,False,False,False,False,False,False
part3.zip:part3.txt,追跡,785065,60002,False,0.0973,False,False,False,False,False,False,False
part3.zip:part3.txt,同期,785101,60002,False,0.0974,False,False,False,False,False,False,False
part3.zip:part3.txt,認証,791170,60002,False,0.107,False,False,False,False,False,False,False
part3.zip:part3.txt,認証,793470,60002,False,0.1103,False,False,False,False,False,False,False
part3.zip:part3.txt,認証,793477,60002,False,0.1103,False,False,False,False,False,False,False
part3.zip:part3.txt,認証,794225,60002,False,0.1106,False,False,False,False,False,False,False
part3.zip:part3.txt,認証,794340,60002,False,0.1108,False,False,False,False,False,False,False
part3.zip:part3.txt,認証,794349,60002,False,0.1108,False,False,False,False,False,False,False
part3.zip:part3.txt,設定,794929,60002,False,0.1119,False,False,False,False,False,False,False
part3.zip:part3.txt,認証,795602,60002,False,0.1125,False,False,False,False,False,False,False
part3.zip:part3.txt,設定,795766,60002,False,0.1125,False,False,False,False,False,False,False
part3.zip:part3.txt,認証,798421,60002,False,0.109,False,False,False,False,False,False,False
part3.zip:part3.txt,通信,800333,60002,False,0.1097,False,False,False,False,False,False,False
part3.zip:part3.txt,通信,800365,60002,False,0.1096,False,False,False,False,False,False,False
part3.zip:part3.txt,認証,800512,60002,False,0.1089,False,False,False,False,False,False,False
part3.zip:part3.txt,通信,800727,60002,False,0.108,False,False,False,False,False,False,False
part3.zip:part3.txt,通信,800836,60002,False,0.1076,False,False,False,False,False,False,False
part3.zip:part3.txt,確認,800889,60002,False,0.1073,False,False,False,False,False,False,False
part3.zip:part3.txt,認証,801883,60002,False,0.1066,False,False,False,False,False,False,False
part3.zip:part3.txt,認証,802752,60002,False,0.1024,False,False,False,False,False,False,False
part3.zip:part3.txt,削除,803223,60002,False,0.1008,False,False,False,False,False,False,False
part3.zip:part3.txt,設定,803238,60002,False,0.1008,False,False,False,False,False,False,False
part3.zip:part3.txt,削除,803259,60002,False,0.1007,False,False,False,False,False,False,False
part3.zip:part3.txt,設定,803280,60002,False,0.1006,False,False,False,False,False,False,False
part3.zip:part3.txt,可能性,803377,60003,False,0.1003,False,False,False,False,False,False,False
part3.zip:part3.txt,検証,803407,60002,False,0.1001,False,False,False,False,False,False,False
part3.zip:part3.txt,設定,803647,60002,False,0.0993,False,False,False,False,False,False,False
part3.zip:part3.txt,可能性,803698,60003,False,0.0991,False,False,False,False,False,False,False
part3.zip:part3.txt,認証,803730,60002,False,0.099,False,False,False,False,False,False,False
part3.zip:part3.txt,認証,803747,60002,False,0.099,False,False,False,False,False,False,False
part3.zip:part3.txt,同期,803784,60002,False,0.0989,False,False,False,False,False,False,False
part3.zip:part3.txt,認証,803874,60002,False,0.0988,False,False,False,False,False,False,False
part3.zip:part3.txt,認証,804012,60002,False,0.0985,False,False,False,False,False,False,False
part3.zip:part3.txt,設定,804091,60002,False,0.0983,False,False,False,False,False,False,False
part3.zip:part3.txt,可能性,805762,60003,False,0.0974,False,False,False,False,False,False,False
part3.zip:part3.txt,認証,805823,60002,False,0.0974,False,False,False,False,False,False,False
part3.zip:part3.txt,監視,806044,60002,False,0.0963,False,False,False,False,False,False,False
part3.zip:part3.txt,共有,806235,60002,False,0.0953,False,False,False,False,False,False,False
part3.zip:part3.txt,アクセス,806544,60004,False,0.094,False,False,False,False,False,False,False
part3.zip:part3.txt,認証,806560,60002,False,0.0939,False,False,False,False,False,False,False
part3.zip:part3.txt,確認,806569,60002,False,0.0939,False,False,False,False,False,False,False
part3.zip:part3.txt,削除,806586,60002,False,0.0939,False,False,False,False,False,False,False
part3.zip:part3.txt,復元,806728,60002,False,0.094,False,False,False,False,False,False,False
part3.zip:part3.txt,復元,806763,60002,False,0.0939,False,False,False,False,False,False,False
part3.zip:part3.txt,認証,806833,60002,False,0.0939,False,False,False,False,False,False,False
part3.zip:part3.txt,認証,807069,60002,False,0.0938,False,False,False,False,False,False,False
part3.zip:part3.txt,確認,807132,60002,False,0.0939,False,False,False,False,False,False,False
part3.zip:part3.txt,通信,809155,60002,False,0.0962,False,False,False,False,False,False,False
part3.zip:part3.txt,可能性,809167,60003,False,0.0962,False,False,False,False,False,False,False
part3.zip:part3.txt,通信,809212,60002,False,0.0962,False,False,False,False,False,False,False
part3.zip:part3.txt,通信,809429,60002,False,0.0962,False,False,False,False,False,False,False
part3.zip:part3.txt,秘密,809568,60002,False,0.0969,False,False,False,False,False,False,False
part3.zip:part3.txt,指令,809579,60002,False,0.097,False,False,False,False,False,False,False
part3.zip:part3.txt,通信,809710,60002,False,0.0979,False,False,False,False,False,False,False
part3.zip:part3.txt,認証,809714,60002,False,0.0979,False,False,False,False,False,False,False
part3.zip:part3.txt,監視,809729,60002,False,0.098,False,False,False,False,False,False,False
part3.zip:part3.txt,通信,809833,60002,False,0.0983,False,False,False,False,False,False,False
part3.zip:part3.txt,遮断,809835,60002,False,0.0983,False,False,False,False,False,False,False
part3.zip:part3.txt,遮断,809861,60002,False,0.0985,False,False,False,False,False,False,False
part3.zip:part3.txt,認証,809892,60002,False,0.0987,False,False,False,False,False,False,False
part3.zip:part3.txt,認証,809907,60002,False,0.0987,False,False,False,False,False,False,False
part3.zip:part3.txt,監視,810059,60002,False,0.0996,False,False,False,False,False,False,False
part3.zip:part3.txt,通信,811989,60002,False,0.1026,False,False,False,False,False,False,False
part3.zip:part3.txt,通信,812108,60002,False,0.1028,False,False,False,False,False,False,False
part3.zip:part3.txt,可能性,812167,60003,False,0.1028,False,False,False,False,False,False,False
part3.zip:part3.txt,可能性,812217,60003,False,0.1029,False,False,False,False,False,False,False
part3.zip:part3.txt,可能性,812299,60003,False,0.1031,False,False,False,False,False,False,False
part3.zip:part3.txt,通信,812326,60002,False,0.1031,False,False,False,False,False,False,False
part3.zip:part3.txt,可能性,812377,60003,False,0.103,False,False,False,False,False,False,False
part3.zip:part3.txt,可能性,813020,60003,False,0.1033,False,False,False,False,False,False,False
part3.zip:part3.txt,通信,813235,60002,False,0.1033,False,False,False,False,False,False,False
part3.zip:part3.txt,可能性,813349,60003,False,0.1033,False,False,False,False,False,False,False
part3.zip:part3.txt,可能性,815367,60003,False,0.1138,False,False,False,False,False,False,False
part3.zip:part3.txt,通信,815423,60002,False,0.1141,False,False,False,False,False,False,False
part3.zip:part3.txt,遮断,815784,60002,False,0.1161,False,False,False,False,False,False,False
part3.zip:part3.txt,遮断,815836,60002,False,0.1164,False,False,False,False,False,False,False
part3.zip:part3.txt,監視,817818,60002,False,0.1204,False,False,False,False,False,False,False
part3.zip:part3.txt,可能性,817898,60003,False,0.1204,False,False,False,False,False,False,False
part3.zip:part3.txt,通信,818038,60002,False,0.1205,False,False,False,False,False,False,False
part3.zip:part3.txt,可能性,818108,60003,False,0.1205,False,False,False,False,False,False,False
part3.zip:part3.txt,遮断,818451,60002,False,0.1208,False,False,False,False,False,False,False
part3.zip:part3.txt,遮断,818539,60002,False,0.1209,False,False,False,False,False,False,False
part3.zip:part3.txt,遮断,818619,60002,False,0.121,False,False,False,False,False,False,False
part3.zip:part3.txt,設定,818806,60002,False,0.1212,False,False,False,False,False,False,False
part3.zip:part3.txt,設定,818847,60002,False,0.1213,False,False,False,False,False,False,False
part3.zip:part3.txt,アクセス,818862,60004,False,0.1214,False,False,False,False,False,False,False
part3.zip:part3.txt,確認,818942,60002,False,0.1215,False,False,False,False,False,False,False
part3.zip:part3.txt,削除,818967,60002,False,0.1216,False,False,False,False,False,False,False
part3.zip:part3.txt,可能性,821070,60003,False,0.1226,False,False,False,False,False,False,False
part3.zip:part3.txt,秘密,821149,60002,False,0.1225,False,False,False,False,False,False,False
part3.zip:part3.txt,通信,821250,60002,False,0.1223,False,False,False,False,False,False,False
part3.zip:part3.txt,通信,821586,60002,False,0.1222,False,False,False,False,False,False,False
part3.zip:part3.txt,可能性,821610,60003,False,0.1223,False,False,False,False,False,False,False
part3.zip:part3.txt,通信,821656,60002,False,0.1225,False,False,False,False,False,False,False
part3.zip:part3.txt,可能性,821786,60003,False,0.1227,False,False,False,False,False,False,False
part3.zip:part3.txt,通信,822013,60002,False,0.1234,False,False,False,False,False,False,False
part3.zip:part3.txt,遮断,822316,60002,False,0.1245,False,False,False,False,False,False,False
part3.zip:part3.txt,遮断,822324,60002,False,0.1245,False,False,False,False,False,False,False
part3.zip:part3.txt,通信,824865,60002,False,0.1294,False,False,False,False,False,False,False
part3.zip:part3.txt,通信,824871,60002,False,0.1294,False,False,False,False,False,False,False
part3.zip:part3.txt,可能性,824883,60003,False,0.1295,False,False,False,False,False,False,False
part3.zip:part3.txt,通信,825050,60002,False,0.1295,False,False,False,False,False,False,False
part3.zip:part3.txt,監視,825440,60002,False,0.1292,False,False,False,False,False,False,False
part3.zip:part3.txt,遮断,825571,60002,False,0.129,False,False,False,False,False,False,False
part3.zip:part3.txt,通信,825711,60002,False,0.1288,False,False,False,False,False,False,False
part3.zip:part3.txt,可能性,827637,60003,False,0.1301,False,False,False,False,False,False,False
part3.zip:part3.txt,可能性,827803,60003,False,0.1298,False,False,False,False,False,False,False
part3.zip:part3.txt,監視,827828,60002,False,0.1298,False,False,False,False,False,False,False
part3.zip:part3.txt,可能性,828139,60003,False,0.128,False,False,False,False,False,False,False
part3.zip:part3.txt,監視,828547,60002,False,0.1276,False,False,False,False,False,False,False
part3.zip:part3.txt,確認,830438,60002,False,0.1278,False,False,False,False,False,False,False
part3.zip:part3.txt,認証,830516,60002,False,0.1278,False,False,False,False,False,False,False
part3.zip:part3.txt,認証,830526,60002,False,0.1278,False,False,False,False,False,False,False
part3.zip:part3.txt,可能性,830644,60003,False,0.128,False,False,False,False,False,False,False
part3.zip:part3.txt,可能性,830670,60003,False,0.1279,False,False,False,False,False,False,False
part3.zip:part3.txt,可能性,830692,60003,False,0.128,False,False,False,False,False,False,False
part3.zip:part3.txt,可能性,830846,60003,False,0.128,False,False,False,False,False,False,False
part3.zip:part3.txt,設定,830919,60002,False,0.128,False,False,False,False,False,False,False
part3.zip:part3.txt,認証,831026,60002,False,0.1281,False,False,False,False,False,False,False
part3.zip:part3.txt,可能性,831098,60003,False,0.128,False,False,False,False,False,False,False
part3.zip:part3.txt,可能性,831227,60003,False,0.1282,False,False,False,False,False,False,False
part3.zip:part3.txt,確認,831373,60002,False,0.1283,False,False,False,False,False,False,False
part3.zip:part3.txt,確認,831404,60002,False,0.1284,False,False,False,False,False,False,False
part3.zip:part3.txt,設定,831421,60002,False,0.1283,False,False,False,False,False,False,False
part3.zip:part3.txt,確認,831469,60002,False,0.1283,False,False,False,False,False,False,False
part3.zip:part3.txt,削除,831497,60002,False,0.1283,False,False,False,False,False,False,False
part3.zip:part3.txt,確認,831575,60002,False,0.1284,False,False,False,False,False,False,False
part3.zip:part3.txt,削除,831578,60002,False,0.1284,False,False,False,False,False,False,False
part3.zip:part3.txt,確認,831649,60002,False,0.1284,False,False,False,False,False,False,False
part3.zip:part3.txt,削除,831664,60002,False,0.1285,False,False,False,False,False,False,False
part3.zip:part3.txt,設定,831688,60002,False,0.1285,False,False,False,False,False,False,False
part3.zip:part3.txt,同期,831794,60002,False,0.1284,False,False,False,False,False,False,False
part3.zip:part3.txt,認証,831840,60002,False,0.1284,False,False,False,False,False,False,False
part3.zip:part3.txt,認証,833969,60002,False,0.128,False,False,False,False,False,False,False
part3.zip:part3.txt,認証,834007,60002,False,0.128,False,False,False,False,False,False,False
part3.zip:part3.txt,認証,834059,60002,False,0.128,False,False,False,False,False,False,False
part3.zip:part3.txt,認証,834078,60002,False,0.128,False,False,False,False,False,False,False
part3.zip:part3.txt,許可,834098,60002,False,0.128,False,False,False,False,False,False,False
part3.zip:part3.txt,可能性,834185,60003,False,0.1281,False,False,False,False,False,False,False
part3.zip:part3.txt,監視,834252,60002,False,0.1281,False,False,False,False,False,False,False
part3.zip:part3.txt,通信,834961,60002,False,0.1286,False,False,False,False,False,False,False
part3.zip:part3.txt,可能性,834982,60003,False,0.1286,False,False,False,False,False,False,False
part3.zip:part3.txt,可能性,835158,60003,False,0.1286,False,False,False,False,False,False,False
part3.zip:part3.txt,復元,835243,60002,False,0.1285,False,False,False,False,False,False,False
part3.zip:part3.txt,可能性,835267,60003,False,0.1285,False,False,False,False,False,False,False
part3.zip:part3.txt,監視,837899,60002,False,0.1284,False,False,False,False,False,False,False
part3.zip:part3.txt,通信,838117,60002,False,0.1285,False,False,False,False,False,False,False
part3.zip:part3.txt,検証,838166,60002,False,0.1285,False,False,False,False,False,False,False
part3.zip:part3.txt,確認,838195,60002,False,0.1285,False,False,False,False,False,False,False
part3.zip:part3.txt,可能性,838246,60003,False,0.1285,False,False,False,False,False,False,False
part3.zip:part3.txt,退避,838286,60002,False,0.1285,False,False,False,False,False,False,False
part3.zip:part3.txt,同期,838307,60002,False,0.1285,False,False,False,False,False,False,False
part3.zip:part3.txt,アクセス,838398,60004,False,0.1285,False,False,False,False,False,False,False
part3.zip:part3.txt,通信,838425,60002,False,0.1285,False,False,False,False,False,False,False
part3.zip:part3.txt,通信,841419,60002,False,0.1286,False,False,False,False,False,False,False
part3.zip:part3.txt,通信,841457,60002,False,0.1286,False,False,False,False,False,False,False
part3.zip:part3.txt,通信,841476,60002,False,0.1286,False,False,False,False,False,False,False
part3.zip:part3.txt,可能性,841527,60003,False,0.1286,False,False,False,False,False,False,False
part3.zip:part3.txt,監視,841716,60002,False,0.1286,False,False,False,False,False,False,False
part3.zip:part3.txt,可能性,841731,60003,False,0.1286,False,False,False,False,False,False,False
part3.zip:part3.txt,監視,842005,60002,False,0.1281,False,False,False,False,False,False,False
part3.zip:part3.txt,通信,842137,60002,False,0.1281,False,False,False,False,False,False,False
part3.zip:part3.txt,可能性,842157,60003,False,0.128,False,False,False,False,False,False,False
part3.zip:part3.txt,監視,842218,60002,False,0.128,False,False,False,False,False,False,False
part3.zip:part3.txt,通信,842333,60002,False,0.1279,False,False,False,False,False,False,False
part3.zip:part3.txt,通信,842579,60002,False,0.1275,False,False,False,False,False,False,False
part3.zip:part3.txt,確認,842614,60002,False,0.1276,False,False,False,False,False,False,False
part3.zip:part3.txt,通信,842730,60002,False,0.1275,False,False,False,False,False,False,False
part3.zip:part3.txt,監視,842747,60002,False,0.1275,False,False,False,False,False,False,False
part3.zip:part3.txt,通信,847426,60002,False,0.1259,False,False,False,False,False,False,False
part3.zip:part3.txt,通信,847789,60002,False,0.1258,False,False,False,False,False,False,False
part3.zip:part3.txt,可能性,847907,60003,False,0.1258,False,False,False,False,False,False,False
part3.zip:part3.txt,通信,848128,60002,False,0.1254,False,False,False,False,False,False,False
part3.zip:part3.txt,通信,848267,60002,False,0.1251,False,False,False,False,False,False,False
part3.zip:part3.txt,通信,848339,60002,False,0.1249,False,False,False,False,False,False,False
part3.zip:part3.txt,検証,848499,60002,False,0.1245,False,False,False,False,False,False,False
part3.zip:part3.txt,可能性,848590,60003,False,0.1244,False,False,False,False,False,False,False
part3.zip:part3.txt,監視,848726,60002,False,0.1241,False,False,False,False,False,False,False
part3.zip:part3.txt,通信,848898,60002,False,0.1238,False,False,False,False,False,False,False
part3.zip:part3.txt,監視,848924,60002,False,0.1237,False,False,False,False,False,False,False
part3.zip:part3.txt,検証,848965,60002,False,0.1236,False,False,False,False,False,False,False
part3.zip:part3.txt,可能性,854702,60003,False,0.1221,True,False,False,False,False,False,False
part3.zip:part3.txt,監視,854830,60002,False,0.122,True,False,False,False,False,False,False
part3.zip:part3.txt,確認,855984,60002,False,0.1215,True,False,False,False,False,False,False
part3.zip:part3.txt,通信,856026,60002,False,0.1214,True,False,False,False,False,False,False
part3.zip:part3.txt,監視,856029,60002,False,0.1214,True,False,False,False,False,False,False
part3.zip:part3.txt,通信,856287,60002,False,0.1214,True,False,False,False,False,False,False
part3.zip:part3.txt,可能性,856295,60003,False,0.1214,True,False,False,False,False,False,False
part3.zip:part3.txt,設定,856318,60002,False,0.1214,True,False,False,False,False,False,False
part3.zip:part3.txt,通信,856335,60002,False,0.1214,True,False,False,False,False,False,False
part3.zip:part3.txt,通信,856547,60002,False,0.1214,True,False,False,False,False,False,False
part3.zip:part3.txt,通信,856892,60002,False,0.1212,True,False,False,False,False,False,False
part3.zip:part3.txt,通信,856917,60002,False,0.1211,True,False,False,False,False,False,False
part3.zip:part3.txt,通信,856945,60002,False,0.1211,True,False,False,False,False,False,False
part3.zip:part3.txt,可能性,856972,60003,False,0.1211,True,False,False,False,False,False,False
part3.zip:part3.txt,通信,857006,60002,False,0.1211,True,False,False,False,False,False,False
part3.zip:part3.txt,検証,857088,60002,False,0.121,True,False,False,False,False,False,False
part3.zip:part3.txt,確認,857104,60002,False,0.121,True,False,False,False,False,False,False
part3.zip:part3.txt,通信,857135,60002,False,0.121,True,False,False,False,False,False,False
part3.zip:part3.txt,可能性,857185,60003,False,0.121,True,False,False,False,False,False,False
part3.zip:part3.txt,通信,857315,60002,False,0.121,True,False,False,False,False,False,False
part3.zip:part3.txt,可能性,857432,60003,False,0.121,True,False,False,False,False,False,False
part3.zip:part3.txt,可能性,857491,60003,False,0.121,True,False,False,False,False,False,False
part3.zip:part3.txt,通信,857587,60002,False,0.1209,True,False,False,False,False,False,False
part3.zip:part3.txt,可能性,857624,60003,False,0.1209,True,False,False,False,False,False,False
part3.zip:part3.txt,通信,857791,60002,False,0.1208,True,False,False,False,False,False,False
part3.zip:part3.txt,通信,857863,60002,False,0.1208,True,False,False,False,False,False,False
part3.zip:part3.txt,遮断,857866,60002,False,0.1208,True,False,False,False,False,False,False
part3.zip:part3.txt,復元,857893,60002,False,0.1207,True,False,False,False,False,False,False
part3.zip:part3.txt,復元,857912,60002,False,0.1208,True,False,False,False,False,False,False
part3.zip:part3.txt,通信,860048,60002,False,0.1204,True,False,False,False,False,False,False
part3.zip:part3.txt,通信,860105,60002,False,0.1204,True,False,False,False,False,False,False
part3.zip:part3.txt,設定,860283,60002,False,0.1207,True,False,False,False,False,False,False
part3.zip:part3.txt,通信,860380,60002,False,0.1208,True,False,False,False,False,False,False
part3.zip:part3.txt,可能性,860404,60003,False,0.1208,True,False,False,False,False,False,False
part3.zip:part3.txt,通信,860456,60002,False,0.1209,True,False,False,False,False,False,False
part3.zip:part3.txt,可能性,860563,60003,False,0.1208,True,False,False,False,False,False,False
part3.zip:part3.txt,監視,860766,60002,False,0.1208,True,False,False,False,False,False,False
part3.zip:part3.txt,可能性,860870,60003,False,0.1208,True,False,False,False,False,False,False
part3.zip:part3.txt,監視,861184,60002,False,0.1205,True,False,False,False,False,False,False
part3.zip:part3.txt,アクセス,861414,60004,False,0.1202,True,False,False,False,False,False,False
part3.zip:part3.txt,可能性,863096,60003,False,0.12,True,False,False,False,False,False,False
part3.zip:part3.txt,監視,863339,60002,False,0.1201,True,False,False,False,False,False,False
part3.zip:part3.txt,通信,863470,60002,False,0.1202,True,False,False,False,False,False,False
part3.zip:part3.txt,通信,863687,60002,False,0.1206,True,False,False,False,False,False,False
part3.zip:part3.txt,可能性,863698,60003,False,0.1206,True,False,False,False,False,False,False
part3.zip:part3.txt,通信,863916,60002,False,0.1206,True,False,False,False,False,False,False
part3.zip:part3.txt,通信,863989,60002,False,0.1205,True,False,False,False,False,False,False
part3.zip:part3.txt,確認,864001,60002,False,0.1205,True,False,False,False,False,False,False
part3.zip:part3.txt,追跡,864094,60002,False,0.1205,True,False,False,False,False,False,False
part3.zip:part3.txt,通信,864241,60002,False,0.1205,True,False,False,False,False,False,False
part3.zip:part3.txt,監視,864339,60002,False,0.1206,True,False,False,False,False,False,False
part3.zip:part3.txt,通信,864360,60002,False,0.1206,True,False,False,False,False,False,False
part3.zip:part3.txt,認証,867095,60002,False,0.1206,True,False,False,False,False,False,False
part3.zip:part3.txt,削除,867127,60002,False,0.1206,True,False,False,False,False,False,False
part3.zip:part3.txt,アクセス,867326,60004,False,0.1204,True,False,False,False,False,False,False
part3.zip:part3.txt,設定,867369,60002,False,0.1204,True,False,False,False,False,False,False
part3.zip:part3.txt,設定,867409,60002,False,0.1203,True,False,False,False,False,False,False
part3.zip:part3.txt,削除,867549,60002,False,0.1197,True,False,False,False,False,False,False
part3.zip:part3.txt,確認,867616,60002,False,0.1194,True,False,False,False,False,False,False
part3.zip:part3.txt,削除,867628,60002,False,0.1194,True,False,False,False,False,False,False
part3.zip:part3.txt,認証,867682,60002,False,0.1193,True,False,False,False,False,False,False
part3.zip:part3.txt,認証,867872,60002,False,0.119,True,False,False,False,False,False,False
part3.zip:part3.txt,設定,867882,60002,False,0.119,True,False,False,False,False,False,False
part3.zip:part3.txt,設定,868101,60002,False,0.1187,True,False,False,False,False,False,False
part3.zip:part3.txt,削除,868104,60002,False,0.1187,True,False,False,False,False,False,False
part3.zip:part3.txt,アクセス,868219,60004,False,0.1186,True,False,False,False,False,False,False
part3.zip:part3.txt,削除,869107,60002,False,0.1184,True,False,False,False,False,False,False
part3.zip:part3.txt,アクセス,870000,60004,False,0.116,True,False,False,False,False,False,False
part3.zip:part3.txt,認証,870086,60002,False,0.1157,True,False,False,False,False,False,False
part3.zip:part3.txt,設定,870153,60002,False,0.1153,True,False,False,False,False,False,False
part3.zip:part3.txt,削除,870217,60002,False,0.1148,True,False,False,False,False,False,False
part3.zip:part3.txt,削除,870893,60002,False,0.1138,True,False,False,False,False,False,False
part3.zip:part3.txt,削除,870909,60002,False,0.1137,True,False,False,False,False,False,False
part3.zip:part3.txt,削除,871052,60002,False,0.1138,True,False,False,False,False,False,False
part3.zip:part3.txt,削除,872744,60002,False,0.1141,True,False,False,False,False,False,False
part3.zip:part3.txt,確認,872807,60002,False,0.1141,True,False,False,False,False,False,False
part3.zip:part3.txt,確認,872930,60002,False,0.1141,True,False,False,False,False,False,False
part3.zip:part3.txt,削除,872952,60002,False,0.1143,True,False,False,False,False,False,False
part3.zip:part3.txt,削除,873139,60002,False,0.115,True,False,False,False,False,False,False
part3.zip:part3.txt,アクセス,874524,60004,False,0.1112,True,False,False,False,False,False,False
part3.zip:part3.txt,可能性,881427,60003,False,0.095,False,False,False,False,False,False,True
part3.zip:part3.txt,設定,881505,60002,False,0.0946,False,False,False,False,False,False,True
part3.zip:part3.txt,可能性,881574,60003,False,0.0942,False,False,False,False,False,False,True
part3.zip:part3.txt,設定,881591,60002,False,0.0941,False,False,False,False,False,False,True
part3.zip:part3.txt,通信,881650,60002,False,0.0936,False,False,False,False,False,False,True
part3.zip:part3.txt,設定,881719,60002,False,0.0931,False,False,False,False,False,False,True
part3.zip:part3.txt,可能性,881873,60003,False,0.092,False,False,False,False,False,False,True
part3.zip:part3.txt,アクセス,881948,60004,False,0.0917,False,False,False,False,False,False,True
part3.zip:part3.txt,設定,882150,60002,False,0.0903,False,False,False,False,False,False,True
part3.zip:part3.txt,設定,882179,60002,False,0.0902,False,False,False,False,False,False,True
part3.zip:part3.txt,アクセス,882386,60004,False,0.0888,False,False,False,False,False,False,True
part3.zip:part3.txt,可能性,882474,60003,False,0.0881,False,False,False,False,False,False,True
part3.zip:part3.txt,確認,882621,60002,False,0.0871,False,False,False,False,False,False,True
part3.zip:part3.txt,設定,882629,60002,False,0.0871,False,False,False,False,False,False,True
part3.zip:part3.txt,確認,882666,60002,False,0.0868,False,False,False,False,False,False,True
part3.zip:part3.txt,確認,882938,60002,False,0.0849,False,False,False,False,False,False,True
part3.zip:part3.txt,アクセス,883002,60004,False,0.0845,False,False,False,False,False,False,True
part3.zip:part3.txt,遮断,889837,60002,False,0.0748,False,False,False,False,False,False,True
part3.zip:part3.txt,遮断,889871,60002,False,0.0748,False,False,False,False,False,False,True
part3.zip:part3.txt,可能性,889879,60003,False,0.0747,False,False,False,False,False,False,True
part3.zip:part3.txt,確認,889917,60002,False,0.0747,False,False,False,False,False,False,True
part3.zip:part3.txt,設定,889935,60002,False,0.0747,False,False,False,False,False,False,True
part3.zip:part3.txt,削除,889973,60002,False,0.0747,False,False,False,False,False,False,True
part3.zip:part3.txt,設定,889982,60002,False,0.0747,False,False,False,False,False,False,True
part3.zip:part3.txt,通信,889991,60002,False,0.0747,False,False,False,False,False,False,True
part3.zip:part3.txt,通信,890003,60002,False,0.0747,False,False,False,False,False,False,True
part3.zip:part3.txt,設定,890019,60002,False,0.0747,False,False,False,False,False,False,True
part3.zip:part3.txt,確認,890030,60002,False,0.0747,False,False,False,False,False,False,True
part3.zip:part3.txt,認証,890069,60002,False,0.0746,False,False,False,False,False,False,True
part3.zip:part3.txt,認証,890086,60002,False,0.0746,False,False,False,False,False,False,True
part3.zip:part3.txt,設定,890122,60002,False,0.0746,False,False,False,False,False,False,True
part3.zip:part3.txt,削除,890214,60002,False,0.0745,False,False,False,False,False,False,True
part3.zip:part3.txt,監視,890257,60002,False,0.0744,False,False,False,False,False,False,True
part3.zip:part3.txt,通信,890281,60002,False,0.0743,False,False,False,False,False,False,True
part3.zip:part3.txt,設定,890362,60002,False,0.0744,False,False,False,False,False,False,True
part3.zip:part3.txt,設定,890396,60002,False,0.0743,False,False,False,False,False,False,True
part3.zip:part3.txt,設定,890453,60002,False,0.0742,False,False,False,False,False,False,True
part3.zip:part3.txt,設定,890486,60002,False,0.0742,False,False,False,False,False,False,True
part3.zip:part3.txt,可能性,890518,60003,False,0.0743,False,False,False,False,False,False,True
part3.zip:part3.txt,可能性,890652,60003,False,0.0741,False,False,False,False,False,False,True
part3.zip:part3.txt,設定,890732,60002,False,0.0741,False,False,False,False,False,False,True
part3.zip:part3.txt,削除,890751,60002,False,0.0741,False,False,False,False,False,False,True
part3.zip:part3.txt,設定,890770,60002,False,0.0741,False,False,False,False,False,False,True
part3.zip:part3.txt,設定,890800,60002,False,0.0741,False,False,False,False,False,False,True
part3.zip:part3.txt,設定,890826,60002,False,0.0741,False,False,False,False,False,False,True
part3.zip:part3.txt,確認,893453,60002,False,0.0742,False,False,False,False,False,False,True
part3.zip:part3.txt,確認,893492,60002,False,0.0742,False,False,False,False,False,False,True
part3.zip:part3.txt,設定,893498,60002,False,0.0742,False,False,False,False,False,False,True
part3.zip:part3.txt,削除,893641,60002,False,0.0743,False,False,False,False,False,False,True
part3.zip:part3.txt,確認,893672,60002,False,0.0743,False,False,False,False,False,False,True
part3.zip:part3.txt,設定,893677,60002,False,0.0743,False,False,False,False,False,False,True
part3.zip:part3.txt,確認,893887,60002,False,0.0741,False,False,False,False,False,False,True
part3.zip:part3.txt,設定,893894,60002,False,0.0741,False,False,False,False,False,False,True
part3.zip:part3.txt,可能性,893999,60003,False,0.0739,False,False,False,False,False,False,True
part3.zip:part3.txt,設定,894080,60002,False,0.0738,False,False,False,False,False,False,True
part3.zip:part3.txt,可能性,894109,60003,False,0.0736,False,False,False,False,False,False,True
part3.zip:part3.txt,削除,894158,60002,False,0.0736,False,False,False,False,False,False,True
part3.zip:part3.txt,復元,894223,60002,False,0.0736,False,False,False,False,False,False,True
part3.zip:part3.txt,確認,894303,60002,False,0.0735,False,False,False,False,False,False,True
part3.zip:part3.txt,位置情報,896192,60004,False,0.0736,False,False,False,False,False,False,True
part3.zip:part3.txt,監視,896267,60002,False,0.0736,False,False,False,False,False,False,True
part3.zip:part3.txt,確認,896730,60002,False,0.0737,False,False,False,False,False,False,True
part3.zip:part3.txt,設定,896741,60002,False,0.0737,False,False,False,False,False,False,True
part3.zip:part3.txt,設定,896800,60002,False,0.0737,False,False,False,False,False,False,True
part3.zip:part3.txt,設定,896976,60002,False,0.0736,False,False,False,False,False,False,True
part3.zip:part3.txt,削除,897010,60002,False,0.0736,False,False,False,False,False,False,True
part3.zip:part3.txt,削除,897033,60002,False,0.0737,False,False,False,False,False,False,True
part3.zip:part3.txt,削除,897052,60002,False,0.0736,False,False,False,False,False,False,True
part3.zip:part3.txt,復元,897076,60002,False,0.0736,False,False,False,False,False,False,True
part3.zip:part3.txt,確認,897153,60002,False,0.0735,False,False,False,False,False,False,True
part3.zip:part3.txt,確認,899325,60002,False,0.0731,False,False,False,False,False,False,True
part3.zip:part3.txt,確認,899382,60002,False,0.0731,False,False,False,False,False,False,True
part3.zip:part3.txt,可能性,899700,60003,False,0.0733,False,False,False,False,False,False,True
part3.zip:part3.txt,設定,899738,60002,False,0.0733,False,False,False,False,False,False,True
part3.zip:part3.txt,設定,899938,60002,False,0.0731,False,False,False,False,False,False,True
part3.zip:part3.txt,設定,899960,60002,False,0.073,False,False,False,False,False,False,True
part3.zip:part3.txt,削除,900141,60002,False,0.0729,False,False,False,False,False,False,True
part3.zip:part3.txt,設定,900154,60002,False,0.0729,False,False,False,False,False,False,True
part3.zip:part3.txt,設定,900211,60002,False,0.0729,False,False,False,False,False,False,True
part3.zip:part3.txt,復元,900322,60002,False,0.0727,False,False,False,False,False,False,True
part3.zip:part3.txt,確認,900346,60002,False,0.0727,False,False,False,False,False,False,True
part3.zip:part3.txt,設定,900388,60002,False,0.0727,False,False,False,False,False,False,True
part3.zip:part3.txt,通信,902442,60002,False,0.0718,False,False,False,False,False,False,True
part3.zip:part3.txt,可能性,902774,60003,False,0.072,False,False,False,False,False,False,True
part3.zip:part3.txt,確認,902882,60002,False,0.072,False,False,False,False,False,False,True
part3.zip:part3.txt,通信,906091,60002,False,0.0719,False,False,False,False,False,False,True
part3.zip:part3.txt,遮断,906093,60002,False,0.0719,False,False,False,False,False,False,True
part3.zip:part3.txt,可能性,906217,60003,False,0.0717,False,False,False,False,False,False,True
part3.zip:part3.txt,確認,906364,60002,False,0.0717,False,False,False,False,False,False,True
part3.zip:part3.txt,通信,906485,60002,False,0.0719,False,False,False,False,False,False,True
part3.zip:part3.txt,遮断,906487,60002,False,0.0719,False,False,False,False,False,False,True
part3.zip:part3.txt,通信,906509,60002,False,0.0719,False,False,False,False,False,False,True
part3.zip:part3.txt,遮断,906511,60002,False,0.0719,False,False,False,False,False,False,True
part3.zip:part3.txt,通信,906521,60002,False,0.0719,False,False,False,False,False,False,True
part3.zip:part3.txt,可能性,906526,60003,False,0.0719,False,False,False,False,False,False,True
part3.zip:part3.txt,確認,906651,60002,False,0.0717,False,False,False,False,False,False,True
part3.zip:part3.txt,設定,906774,60002,False,0.0718,False,False,False,False,False,False,True
part3.zip:part3.txt,削除,906825,60002,False,0.0718,False,False,False,False,False,False,True
part3.zip:part3.txt,削除,906850,60002,False,0.0718,False,False,False,False,False,False,True
part3.zip:part3.txt,設定,906858,60002,False,0.0718,False,False,False,False,False,False,True
part3.zip:part3.txt,設定,906954,60002,False,0.0718,False,False,False,False,False,False,True
part3.zip:part3.txt,設定,906968,60002,False,0.0718,False,False,False,False,False,False,True
part3.zip:part3.txt,設定,906994,60002,False,0.0718,False,False,False,False,False,False,True
part3.zip:part3.txt,復元,907054,60002,False,0.0718,False,False,False,False,False,False,True
part3.zip:part3.txt,設定,907100,60002,False,0.0718,False,False,False,False,False,False,True
part3.zip:part3.txt,通信,907243,60002,False,0.072,False,False,False,False,False,False,True
part3.zip:part3.txt,復元,907377,60002,False,0.0721,False,False,False,False,False,False,True
part3.zip:part3.txt,遮断,907490,60002,False,0.0722,False,False,False,False,False,False,True
part3.zip:part3.txt,通信,918547,60002,False,0.0746,False,False,False,False,False,False,True
part3.zip:part3.txt,通信,918593,60002,False,0.0746,False,False,False,False,False,False,True
part3.zip:part3.txt,確認,918613,60002,False,0.0746,False,False,False,False,False,False,True
part3.zip:part3.txt,アクセス,918697,60004,False,0.0746,False,False,False,False,False,False,True
part3.zip:part3.txt,可能性,918824,60003,False,0.0745,False,False,False,False,False,False,True
part3.zip:part3.txt,追跡,920493,60002,False,0.0745,False,False,False,False,False,False,True
part3.zip:part3.txt,通信,920615,60002,False,0.0744,False,False,False,False,False,False,True
part3.zip:part3.txt,確認,920639,60002,False,0.0745,False,False,False,False,False,False,True
part3.zip:part3.txt,通信,920894,60002,False,0.0743,False,False,False,False,False,False,True
part3.zip:part3.txt,アクセス,920981,60004,False,0.0743,False,False,False,False,False,False,True
part3.zip:part3.txt,可能性,920988,60003,False,0.0743,False,False,False,False,False,False,True
part3.zip:part3.txt,検証,921256,60002,False,0.0741,False,False,False,False,False,False,True
part3.zip:part3.txt,可能性,921273,60003,False,0.0742,False,False,False,False,False,False,True
part3.zip:part3.txt,可能性,921520,60003,False,0.0744,False,False,False,False,False,False,True
part3.zip:part3.txt,通信,921601,60002,False,0.0745,False,False,False,False,False,False,True
part3.zip:part3.txt,設定,921671,60002,False,0.0745,False,False,False,False,False,False,True
part3.zip:part3.txt,可能性,921725,60003,False,0.0746,False,False,False,False,False,False,True
part3.zip:part3.txt,通信,921747,60002,False,0.0746,False,False,False,False,False,False,True
part3.zip:part3.txt,設定,921761,60002,False,0.0746,False,False,False,False,False,False,True
part3.zip:part3.txt,設定,922912,60002,False,0.0751,False,False,False,False,False,False,True
part3.zip:part3.txt,通信,923041,60002,False,0.0751,False,False,False,False,False,False,True
part3.zip:part3.txt,設定,923062,60002,False,0.0751,False,False,False,False,False,False,True
part3.zip:part3.txt,確認,923198,60002,False,0.075,False,False,False,False,False,False,True
part3.zip:part3.txt,通信,924364,60002,False,0.074,False,False,False,False,False,False,True
part3.zip:part3.txt,通信,924432,60002,False,0.074,False,False,False,False,False,False,True
part3.zip:part3.txt,追跡,925232,60002,False,0.0741,False,False,False,False,False,False,True
part3.zip:part3.txt,通信,925280,60002,False,0.0741,False,False,False,False,False,False,True
part3.zip:part3.txt,通信,925628,60002,False,0.0743,False,False,False,False,False,False,True
part3.zip:part3.txt,遮断,925634,60002,False,0.0743,False,False,False,False,False,False,True
part3.zip:part3.txt,アクセス,925681,60004,False,0.0743,False,False,False,False,False,False,True
part3.zip:part3.txt,通信,926231,60002,False,0.074,False,False,False,False,False,False,True
part3.zip:part3.txt,アクセス,926281,60004,False,0.0739,False,False,False,False,False,False,True
part3.zip:part3.txt,通信,926413,60002,False,0.0739,False,False,False,False,False,False,True
part3.zip:part3.txt,通信,927469,60002,False,0.0736,False,False,False,False,False,False,True
part3.zip:part3.txt,通信,927507,60002,False,0.0736,False,False,False,False,False,False,True
part3.zip:part3.txt,通信,928294,60002,False,0.0743,False,False,False,False,False,False,True
part3.zip:part3.txt,通信,928449,60002,False,0.0743,False,False,False,False,False,False,True
part3.zip:part3.txt,通信,928492,60002,False,0.0743,False,False,False,False,False,False,True
part3.zip:part3.txt,通信,928517,60002,False,0.0743,False,False,False,False,False,False,True
part3.zip:part3.txt,通信,928684,60002,False,0.0742,False,False,False,False,False,False,True
part3.zip:part3.txt,可能性,928734,60003,False,0.0742,False,False,False,False,False,False,True
part3.zip:part3.txt,通信,928981,60002,False,0.0742,False,False,False,False,False,False,True
part3.zip:part3.txt,通信,929073,60002,False,0.0742,False,False,False,False,False,False,True
part3.zip:part3.txt,通信,929299,60002,False,0.0743,False,False,False,False,False,False,True
part3.zip:part3.txt,検証,929320,60002,False,0.0743,False,False,False,False,False,False,True
part3.zip:part3.txt,アクセス,929345,60004,False,0.0742,False,False,False,False,False,False,True
part3.zip:part3.txt,通信,929492,60002,False,0.0741,False,False,False,False,False,False,True
part3.zip:part3.txt,通信,929560,60002,False,0.074,False,False,False,False,False,False,True
part3.zip:part3.txt,遮断,929566,60002,False,0.074,False,False,False,False,False,False,True
part3.zip:part3.txt,削除,929596,60002,False,0.0741,False,False,False,False,False,False,True
part3.zip:part3.txt,通信,929641,60002,False,0.074,False,False,False,False,False,False,True
part3.zip:part3.txt,通信,929711,60002,False,0.074,False,False,False,False,False,False,True
part3.zip:part3.txt,通信,929737,60002,False,0.074,False,False,False,False,False,False,True
part3.zip:part3.txt,可能性,929770,60003,False,0.074,False,False,False,False,False,False,True
part3.zip:part3.txt,通信,930822,60002,False,0.0733,False,False,False,False,False,False,True
part3.zip:part3.txt,通信,930872,60002,False,0.0733,False,False,False,False,False,False,True
part3.zip:part3.txt,通信,931633,60002,False,0.0746,False,False,False,False,False,False,True
part3.zip:part3.txt,監視,931694,60002,False,0.0746,False,False,False,False,False,False,True
part3.zip:part3.txt,通信,931882,60002,False,0.0748,False,False,False,False,False,False,True
part3.zip:part3.txt,許可,932054,60002,False,0.0749,False,False,False,False,False,False,True
part3.zip:part3.txt,通信,932177,60002,False,0.0748,False,False,False,False,False,False,True
part3.zip:part3.txt,通信,932276,60002,False,0.0748,False,False,False,False,False,False,True
part3.zip:part3.txt,通信,932407,60002,False,0.0741,False,False,False,False,False,False,True
part3.zip:part3.txt,通信,932538,60002,False,0.0735,False,False,False,False,False,False,True
part3.zip:part3.txt,確認,932611,60002,False,0.0733,False,False,False,False,False,False,True
part3.zip:part3.txt,通信,932802,60002,False,0.0732,False,False,False,False,False,False,True
part3.zip:part3.txt,可能性,932946,60003,False,0.0732,False,False,False,False,False,False,True
part3.zip:part3.txt,通信,934575,60002,False,0.0727,False,False,False,False,False,False,True
part3.zip:part3.txt,通信,934674,60002,False,0.0727,False,False,False,False,False,False,True
part3.zip:part3.txt,通信,934747,60002,False,0.0728,False,False,False,False,False,False,True
part3.zip:part3.txt,遮断,934749,60002,False,0.0728,False,False,False,False,False,False,True
part3.zip:part3.txt,通信,934810,60002,False,0.0729,False,False,False,False,False,False,True
part3.zip:part3.txt,通信,934876,60002,False,0.0729,False,False,False,False,False,False,True
part3.zip:part3.txt,通信,935036,60002,False,0.0729,False,False,False,False,False,False,True
part3.zip:part3.txt,通信,935152,60002,False,0.0728,False,False,False,False,False,False,True
part3.zip:part3.txt,通信,935199,60002,False,0.0728,False,False,False,False,False,False,True
part3.zip:part3.txt,通信,935280,60002,False,0.0728,False,False,False,False,False,False,True
part3.zip:part3.txt,通信,936512,60002,False,0.0719,False,False,False,False,False,False,True
part3.zip:part3.txt,通信,937371,60002,False,0.0715,False,False,False,False,False,False,True
part3.zip:part3.txt,通信,937478,60002,False,0.0714,False,False,False,False,False,False,True
part3.zip:part3.txt,通信,937766,60002,False,0.0712,False,False,False,False,False,False,True
part3.zip:part3.txt,通信,937878,60002,False,0.0712,False,False,False,False,False,False,True
part3.zip:part3.txt,通信,938167,60002,False,0.0712,False,False,False,False,False,False,True
part3.zip:part3.txt,遮断,938169,60002,False,0.0712,False,False,False,False,False,False,True
part3.zip:part3.txt,通信,938316,60002,False,0.0713,False,False,False,False,False,False,True
part3.zip:part3.txt,確認,938327,60002,False,0.0713,False,False,False,False,False,False,True
part3.zip:part3.txt,通信,940096,60002,False,0.0743,False,False,False,False,False,False,True
part3.zip:part3.txt,通信,941990,60002,False,0.0765,False,False,False,False,False,False,False
part3.zip:part3.txt,通信,942038,60002,False,0.0766,False,False,False,False,False,False,False
part3.zip:part3.txt,通信,942289,60002,False,0.0771,False,False,False,False,False,False,False
part3.zip:part3.txt,通信,942302,60002,False,0.0771,False,False,False,False,False,False,False
part3.zip:part3.txt,確認,942369,60002,False,0.0772,False,False,False,False,False,False,False
part3.zip:part3.txt,遮断,942452,60002,False,0.0773,False,False,False,False,False,False,False
part3.zip:part3.txt,通信,942553,60002,False,0.0774,False,False,False,False,False,False,False
part3.zip:part3.txt,通信,942753,60002,False,0.0776,False,False,False,False,False,False,False
part3.zip:part3.txt,確認,942810,60002,False,0.0776,False,False,False,False,False,False,False
part3.zip:part3.txt,可能性,942844,60003,False,0.0776,False,False,False,False,False,False,False
part3.zip:part3.txt,通信,942852,60002,False,0.0776,False,False,False,False,False,False,False
part3.zip:part3.txt,通信,942908,60002,False,0.0777,False,False,False,False,False,False,False
part3.zip:part3.txt,通信,943007,60002,False,0.0779,False,False,False,False,False,False,False
part3.zip:part3.txt,遮断,943009,60002,False,0.0779,False,False,False,False,False,False,False
part3.zip:part3.txt,通信,943138,60002,False,0.0781,False,False,False,False,False,False,False
part3.zip:part3.txt,監視,943153,60002,False,0.0781,False,False,False,False,False,False,False
part3.zip:part3.txt,監視,944568,60002,False,0.0806,False,False,False,False,False,False,False
part3.zip:part3.txt,監視,946051,60002,False,0.0822,False,False,False,False,False,False,False
part3.zip:part3.txt,アクセス,946144,60004,False,0.0825,False,False,False,False,False,False,False
part3.zip:part3.txt,通信,946390,60002,False,0.0833,False,False,False,False,False,False,False
part3.zip:part3.txt,アクセス,946634,60004,False,0.0837,False,False,False,False,False,False,False
part3.zip:part3.txt,通信,946902,60002,False,0.0842,False,False,False,False,False,False,False
part3.zip:part3.txt,監視,947147,60002,False,0.0845,False,False,False,False,False,False,False
part3.zip:part3.txt,監視,947223,60002,False,0.0846,False,False,False,False,False,False,False
part3.zip:part3.txt,可能性,949123,60003,False,0.086,False,False,False,False,False,False,False
part3.zip:part3.txt,可能性,949278,60003,False,0.0862,False,False,False,False,False,False,False
part3.zip:part3.txt,通信,949399,60002,False,0.0863,False,False,False,False,False,False,False
part3.zip:part3.txt,可能性,949681,60003,False,0.0863,False,False,False,False,False,False,False
part3.zip:part3.txt,可能性,949771,60003,False,0.0863,False,False,False,False,False,False,False
part3.zip:part3.txt,監視,949807,60002,False,0.0863,False,False,False,False,False,False,False
part3.zip:part3.txt,確認,951481,60002,False,0.0863,False,False,False,False,False,False,False
part3.zip:part3.txt,監視,951656,60002,False,0.0862,False,False,False,False,False,False,False
part3.zip:part3.txt,遮断,951671,60002,False,0.0863,False,False,False,False,False,False,False
part3.zip:part3.txt,アクセス,951848,60004,False,0.0863,False,False,False,False,False,False,False
part3.zip:part3.txt,設定,951913,60002,False,0.0863,False,False,False,False,False,False,False
part3.zip:part3.txt,設定,951985,60002,False,0.0864,False,False,False,False,False,False,False
part3.zip:part3.txt,復元,952090,60002,False,0.0865,False,False,False,False,False,False,False
part3.zip:part3.txt,確認,955049,60002,False,0.0877,False,False,False,False,False,False,False
part3.zip:part3.txt,追跡,957743,60002,False,0.0882,False,False,False,False,False,False,False
part3.zip:part3.txt,通信,957906,60002,False,0.0883,False,False,False,False,False,False,False
part3.zip:part3.txt,確認,960867,60002,False,0.088,False,False,False,False,False,False,False
part3.zip:part3.txt,確認,961081,60002,False,0.088,False,False,False,False,False,False,False
part3.zip:part3.txt,可能性,961782,60003,False,0.0877,False,False,False,False,False,False,False
part3.zip:part3.txt,アクセス,963619,60004,False,0.0869,False,False,False,False,False,False,False
part3.zip:part3.txt,追跡,963865,60002,False,0.087,False,False,False,False,False,False,False
part3.zip:part3.txt,監視,963891,60002,False,0.087,False,False,False,False,False,False,False
part3.zip:part3.txt,設定,964109,60002,False,0.0869,False,False,False,False,False,False,False
part3.zip:part3.txt,可能性,964242,60003,False,0.087,False,False,False,False,False,False,False
part3.zip:part3.txt,監視,964290,60002,False,0.087,False,False,False,False,False,False,False
part3.zip:part3.txt,監視,964342,60002,False,0.087,False,False,False,False,False,False,False
part3.zip:part3.txt,削除,964449,60002,False,0.087,False,False,False,False,False,False,False
part3.zip:part3.txt,設定,964454,60002,False,0.087,False,False,False,False,False,False,False
part3.zip:part3.txt,設定,964491,60002,False,0.0869,False,False,False,False,False,False,False
part3.zip:part3.txt,確認,964542,60002,False,0.0869,False,False,False,False,False,False,False
part3.zip:part3.txt,削除,964546,60002,False,0.0869,False,False,False,False,False,False,False
part3.zip:part3.txt,可能性,966436,60003,False,0.0872,False,False,False,False,False,False,False
part3.zip:part3.txt,共有,966525,60002,False,0.0872,False,False,False,False,False,False,False
part3.zip:part3.txt,可能性,966808,60003,False,0.0872,False,False,False,False,False,False,False
part3.zip:part3.txt,通信,966836,60002,False,0.0872,False,False,False,False,False,False,False
part3.zip:part3.txt,監視,966893,60002,False,0.0872,False,False,False,False,False,False,False
part3.zip:part3.txt,確認,966973,60002,False,0.0872,False,False,False,False,False,False,False
part3.zip:part3.txt,確認,967042,60002,False,0.0873,False,False,False,False,False,False,False
part3.zip:part3.txt,遮断,967203,60002,False,0.0873,False,False,False,False,False,False,False
part3.zip:part3.txt,確認,967223,60002,False,0.0872,False,False,False,False,False,False,False
part3.zip:part3.txt,可能性,968991,60003,False,0.0874,False,False,False,False,False,False,False
part3.zip:part3.txt,可能性,969126,60003,False,0.0874,False,False,False,False,False,False,False
part3.zip:part3.txt,可能性,969223,60003,False,0.0874,False,False,False,False,False,False,False
part3.zip:part3.txt,アクセス,969598,60004,False,0.0874,False,False,False,False,False,False,False
part3.zip:part3.txt,確認,969666,60002,False,0.0873,False,False,False,False,False,False,False
part3.zip:part3.txt,削除,969784,60002,False,0.0873,False,False,False,False,False,False,False
part3.zip:part3.txt,設定,969792,60002,False,0.0873,False,False,False,False,False,False,False
part3.zip:part3.txt,設定,969834,60002,False,0.0873,False,False,False,False,False,False,False
part3.zip:part3.txt,削除,969875,60002,False,0.0873,False,False,False,False,False,False,False
part3.zip:part3.txt,監視,969902,60002,False,0.0874,False,False,False,False,False,False,False
part3.zip:part3.txt,通信,969997,60002,False,0.0874,False,False,False,False,False,False,False
part3.zip:part3.txt,確認,970156,60002,False,0.0876,False,False,False,False,False,False,False
part3.zip:part3.txt,監視,971871,60002,False,0.0882,False,False,False,False,False,False,False
part3.zip:part3.txt,通信,972189,60002,False,0.0881,False,False,False,False,False,False,False
part3.zip:part3.txt,監視,972200,60002,False,0.0881,False,False,False,False,False,False,False
part3.zip:part3.txt,通信,973119,60002,False,0.0881,False,False,False,False,False,False,False
part3.zip:part3.txt,位置情報,973340,60004,False,0.088,False,False,False,False,False,False,False
part3.zip:part3.txt,共有,973707,60002,False,0.0877,False,False,False,False,False,False,False
part3.zip:part3.txt,監視,973796,60002,False,0.0877,False,False,False,False,False,False,False
part3.zip:part3.txt,通信,973905,60002,False,0.0877,False,False,False,False,False,False,False
part3.zip:part3.txt,監視,973992,60002,False,0.0877,False,False,False,False,False,False,False
part3.zip:part3.txt,アクセス,974030,60004,False,0.0877,False,False,False,False,False,False,False
part3.zip:part3.txt,通信,974107,60002,False,0.0878,False,False,False,False,False,False,False
part3.zip:part3.txt,可能性,974152,60003,False,0.0877,False,False,False,False,False,False,False
part3.zip:part3.txt,通信,974190,60002,False,0.0877,False,False,False,False,False,False,False
part3.zip:part3.txt,遮断,974192,60002,False,0.0877,False,False,False,False,False,False,False
part3.zip:part3.txt,通信,974279,60002,False,0.0877,False,False,False,False,False,False,False
part3.zip:part3.txt,確認,974325,60002,False,0.0877,False,False,False,False,False,False,False
part3.zip:part3.txt,監視,976068,60002,False,0.0882,False,False,False,False,False,False,False
part3.zip:part3.txt,通信,981198,60002,False,0.0869,False,False,False,False,False,False,False
part3.zip:part3.txt,遮断,981240,60002,False,0.087,False,False,False,False,False,False,False
part3.zip:part3.txt,監視,981262,60002,False,0.087,False,False,False,False,False,False,False
part3.zip:part3.txt,削除,981275,60002,False,0.087,False,False,False,False,False,False,False
part3.zip:part3.txt,追跡,981289,60002,False,0.087,False,False,False,False,False,False,False
part3.zip:part3.txt,同期,981333,60002,False,0.087,False,False,False,False,False,False,False
part3.zip:part3.txt,可能性,981398,60003,False,0.087,False,False,False,False,False,False,False
part3.zip:part3.txt,確認,984147,60002,False,0.0859,False,False,False,False,False,False,False
part3.zip:part3.txt,通信,984404,60002,False,0.0861,False,False,False,False,False,False,False
part3.zip:part3.txt,遮断,984406,60002,False,0.0861,False,False,False,False,False,False,False
part3.zip:part3.txt,アクセス,986885,60004,False,0.0885,False,False,False,False,False,False,False
part3.zip:part3.txt,検証,987522,60002,False,0.0887,False,False,False,False,False,False,False
part3.zip:part3.txt,確認,995012,60002,False,0.0872,False,False,False,False,False,False,False
part3.zip:part3.txt,確認,995063,60002,False,0.0873,False,False,False,False,False,False,False
part3.zip:part3.txt,通信,995173,60002,False,0.0873,False,False,False,False,False,False,False
part3.zip:part3.txt,可能性,995300,60003,False,0.0874,False,False,False,False,False,False,False
part3.zip:part3.txt,確認,995537,60002,False,0.0873,False,False,False,False,False,False,False
